10.78325174,9.925866935,9.093764843,8.365284297,7.728877831,7.183405078,6.728978024,6.365544003,6.09303639,5.911399277,5.82059158,5.82059158,5.911399277,6.09303639,6.365544003,6.728978024,7.183405078,7.728877831,8.365284297,9.093764843,9.925866935,10.78325174,0,0,0,0,0,0,0,0,0,0,0,0,0,0,0,0,0,0,0,0,0,0,0,0,0,0,0,0,0,0,0,0,0,0,0,0,0,0,0,0,0,0,0,0,0,0,0,0,0
23.95405902,22.98160471,21.97282606,20.96926988,19.9666008,18.96517518,17.96583808,16.97003463,15.98008464,14.99948294,14.03320697,13.0879765,12.17240236,11.29696276,10.47376238,9.716061077,9.03760695,8.451891848,7.971687663,7.610105025,7.387628354,7.360678728,7.665451725,0,0,0,0,0,0,0,0,0,0,0,0,0,0,0,0,0,0,0,0,0,0,0,0,0,0,0,0,0,0,0,0,0,0,0,0,0,0,0,0,0,0,0,0,0,0,0,0
10.96180748,10.10424218,9.263244301,8.522878841,7.870868352,7.305833128,6.827900529,6.43701089,6.133083789,5.916049378,5.785852398,5.742457457,5.785852398,5.916049378,6.133083789,6.43701089,6.827900529,7.305833128,7.870868352,8.522878841,9.263244301,10.10424218,10.96180748,0,0,0,0,0,0,0,0,0,0,0,0,0,0,0,0,0,0,0,0,0,0,0,0,0,0,0,0,0,0,0,0,0,0,0,0,0,0,0,0,0,0,0,0,0,0,0,0
10.78325174,9.925866935,9.093764843,8.365284297,7.728877831,7.183405078,6.728978024,6.365544003,6.09303639,5.911399277,5.82059158,5.82059158,5.911399277,6.09303639,6.365544003,6.728978024,7.183405078,7.728877831,8.365284297,9.093764843,9.925866935,10.78325174,0,0,0,0,0,0,0,0,0,0,0,0,0,0,0,0,0,0,0,0,0,0,0,0,0,0,0,0,0,0,0,0,0,0,0,0,0,0,0,0,0,0,0,0,0,0,0,0,0
7.429688188,7.148489427,7.209172463,7.468886058,7.871023808,8.393942338,9.022736671,9.742687668,10.53855941,11.39528985,12.29885226,13.2369383,14.19935791,15.17814808,16.16743839,17.16315278,18.16263608,19.16427023,20.16720646,21.17475917,22.15043693,0,0,0,0,0,0,0,0,0,0,0,0,0,0,0,0,0,0,0,0,0,0,0,0,0,0,0,0,0,0,0,0,0,0,0,0,0,0,0,0,0,0,0,0,0,0,0,0,0,0
37.06984678,36.12594415,35.10673786,34.10032674,33.09521077,32.09047048,31.0861596,30.08220557,29.07858822,28.07532494,27.07247628,26.07016349,25.068595,24.0681044,23.06920161,22.07263787,21.07948462,20.09122405,19.10984707,18.13795191,17.17883402,16.23655651,15.31598899,14.42280402,13.56342172,12.74489777,11.9747542,11.26075883,10.6106647,10.03192667,9.531420496,9.115209476,8.788480919,8.556050792,8.424738787,8.412097247,8.575293198,8.99992237,0,0,0,0,0,0,0,0,0,0,0,0,0,0,0,0,0,0,0,0,0,0,0,0,0,0,0,0,0,0,0,0,0
9.827479303,9.345835635,9.070452416,8.959166068,8.954091466,9.037263212,9.203296058,9.44980773,9.774688067,10.17529363,10.64826635,11.18955958,11.79453784,12.45810801,13.17486564,13.93924627,14.7456734,15.58869567,16.46310698,17.36404491,18.28706457,19.22818698,20.18392267,21.15127289,22.12771195,23.11115475,24.09991395,25.09265114,26.08832575,27.08614498,28.08551698,29.08600903,30.08731151,31.08920789,32.09155056,33.09424206,34.09722082,35.1004507,36.10391378,37.10760575,38.11153279,39.11571006,40.12016351,41.12493039,42.13005683,43.13564474,44.14182031,45.14820417,46.1579665,47.18783283,48.10173386,0,0,0,0,0,0,0,0,0,0,0,0,0,0,0,0,0,0,0,0
33.62563,32.67341541,31.65726175,30.6516333,29.64696451,28.64268601,27.63882421,26.63536129,25.63235037,24.62992257,23.62831937,22.62794267,21.62942326,20.63370901,19.64217144,18.6567268,17.67996368,16.71526572,15.76691426,14.84015437,13.9412071,13.0772142,12.25610617,11.48639244,10.77688111,10.13634516,9.573163121,9.094983479,8.708533668,8.419961333,8.237006805,8.177446246,8.29811761,8.698161228,0,0,0,0,0,0,0,0,0,0,0,0,0,0,0,0,0,0,0,0,0,0,0,0,0,0,0,0,0,0,0,0,0,0,0,0,0
7.429688188,7.148489427,7.209172463,7.468886058,7.871023808,8.393942338,9.022736671,9.742687668,10.53855941,11.39528985,12.29885226,13.2369383,14.19935791,15.17814808,16.16743839,17.16315278,18.16263608,19.16427023,20.16720646,21.17475917,22.15043693,0,0,0,0,0,0,0,0,0,0,0,0,0,0,0,0,0,0,0,0,0,0,0,0,0,0,0,0,0,0,0,0,0,0,0,0,0,0,0,0,0,0,0,0,0,0,0,0,0,0
11.48853599,10.63276371,9.768769263,8.998210231,8.306890343,7.692529816,7.155301327,6.695130412,6.31189028,6.005463554,5.775745524,5.622650705,5.546118849,5.546118849,5.622650705,5.775745524,6.005463554,6.31189028,6.695130412,7.155301327,7.692529816,8.306890343,8.998210231,9.768769263,10.63276371,11.48853599,0,0,0,0,0,0,0,0,0,0,0,0,0,0,0,0,0,0,0,0,0,0,0,0,0,0,0,0,0,0,0,0,0,0,0,0,0,0,0,0,0,0,0,0,0
7.550058854,7.256755833,7.300222756,7.54093212,7.922389984,8.423574796,9.030526467,9.729538079,10.50626665,11.34630694,12.23599585,13.16309287,14.11722361,15.09006274,16.07528498,17.06834473,18.06615876,19.06676349,20.06898706,21.07226318,22.08043111,23.05451714,0,0,0,0,0,0,0,0,0,0,0,0,0,0,0,0,0,0,0,0,0,0,0,0,0,0,0,0,0,0,0,0,0,0,0,0,0,0,0,0,0,0,0,0,0,0,0,0,0
16.60537912,15.62132841,14.6187121,13.6220904,12.63361939,11.6600221,10.71154219,9.802396719,8.950654561,8.177386542,7.50526729,6.957717462,6.562983383,6.37995224,6.571303489,0,0,0,0,0,0,0,0,0,0,0,0,0,0,0,0,0,0,0,0,0,0,0,0,0,0,0,0,0,0,0,0,0,0,0,0,0,0,0,0,0,0,0,0,0,0,0,0,0,0,0,0,0,0,0,0
9.208997048,8.768433703,8.576161424,8.556716985,8.65269836,8.846586079,9.132060455,9.505079358,9.961389381,10.4959259,11.10280089,11.77547316,12.5069768,13.29016469,14.1179444,14.98349064,15.88042252,16.80293757,17.74589933,18.70487926,19.67615732,20.65668849,21.64404399,22.63633618,23.63213593,24.63038963,25.63034139,26.63146412,27.63340142,28.63592079,29.63887752,30.64218821,31.64581231,32.64974094,33.65398936,34.65860272,35.66367688,36.6691104,37.6761726,38.69776677,39.63513129,0,0,0,0,0,0,0,0,0,0,0,0,0,0,0,0,0,0,0,0,0,0,0,0,0,0,0,0,0,0
11.48853599,10.63276371,9.768769263,8.998210231,8.306890343,7.692529816,7.155301327,6.695130412,6.31189028,6.005463554,5.775745524,5.622650705,5.546118849,5.546118849,5.622650705,5.775745524,6.005463554,6.31189028,6.695130412,7.155301327,7.692529816,8.306890343,8.998210231,9.768769263,10.63276371,11.48853599,0,0,0,0,0,0,0,0,0,0,0,0,0,0,0,0,0,0,0,0,0,0,0,0,0,0,0,0,0,0,0,0,0,0,0,0,0,0,0,0,0,0,0,0,0
7.665451725,7.360678728,7.387628354,7.610105025,7.971687663,8.451891848,9.03760695,9.716061077,10.47376238,11.29696276,12.17240236,13.0879765,14.03320697,14.99948294,15.98008464,16.97003463,17.96583808,18.96517518,19.9666008,20.96926988,21.97282606,22.98160471,23.95405902,0,0,0,0,0,0,0,0,0,0,0,0,0,0,0,0,0,0,0,0,0,0,0,0,0,0,0,0,0,0,0,0,0,0,0,0,0,0,0,0,0,0,0,0,0,0,0,0
45.57339194,44.65220456,43.62484083,42.61598586,41.6098684,40.60402149,39.59872587,38.59385606,37.58932857,36.58510189,35.5811452,34.57744081,33.5739838,32.57078304,31.56786554,30.56528341,29.563124,28.56152457,27.56069206,26.56092905,25.56266641,24.56650323,23.57325372,22.58400016,21.60015005,20.62349475,19.6562656,18.70118293,17.76149279,16.84098581,15.94399326,15.0753562,14.24036511,13.44466936,12.69415824,11.99481754,11.352568,10.77309379,10.26167072,9.823005759,9.461105663,9.179216454,8.97996454,8.866114729,8.843243372,8.929109443,9.181519488,9.652520049,0,0,0,0,0,0,0,0,0,0,0,0,0,0,0,0,0,0,0,0,0,0,0
17.72215899,16.99761887,16.03705556,15.11015286,14.24658766,13.42528568,12.63784656,11.88413085,11.16469567,10.47937658,9.827712619,9.209217642,8.623410535,8.06979392,7.547847483,7.057032924,6.59680075,6.166595943,5.765862907,5.394050267,5.050615699,4.735030691,4.446785163,4.185391898,3.950390751,3.741352608,3.557883066,3.399625809,3.266265653,3.157531229,3.073197294,3.013086645,2.977071624,2.965075201,2.977071624,3.013086645,3.073197294,3.157531229,3.266265653,3.399625809,3.557883066,3.741352608,3.950390751,4.185391898,4.446785163,4.735030691,5.050615699,5.394050267,5.765862907,6.166595943,6.59680075,7.057032924,7.547847483,8.06979392,8.623410535,9.209217642,9.827712619,10.47937658,11.16469567,11.88413085,12.63784656,13.42528568,14.24658766,15.11015286,16.03705556,16.99761887,17.72215899,0,0,0,0
22.15043693,21.17475917,20.16720646,19.16427023,18.16263608,17.16315278,16.16743839,15.17814808,14.19935791,13.2369383,12.29885226,11.39528985,10.53855941,9.742687668,9.022736671,8.393942338,7.871023808,7.468886058,7.209172463,7.148489427,7.429688188,0,0,0,0,0,0,0,0,0,0,0,0,0,0,0,0,0,0,0,0,0,0,0,0,0,0,0,0,0,0,0,0,0,0,0,0,0,0,0,0,0,0,0,0,0,0,0,0,0,0
10.23654212,9.382772319,8.582322087,7.896990294,7.317578253,6.843496632,6.474816297,6.211506534,6.053535161,6.000880598,6.053535161,6.211506534,6.474816297,6.843496632,7.317578253,7.896990294,8.582322087,9.382772319,10.23654212,0,0,0,0,0,0,0,0,0,0,0,0,0,0,0,0,0,0,0,0,0,0,0,0,0,0,0,0,0,0,0,0,0,0,0,0,0,0,0,0,0,0,0,0,0,0,0,0,0,0,0,0
12.50839944,11.66367971,10.76555566,9.951337371,9.204817063,8.521092283,7.900352304,7.342554435,6.847476879,6.414896343,6.044596772,5.736372625,5.490037915,5.305434198,5.182436885,5.120960117,5.120960117,5.182436885,5.305434198,5.490037915,5.736372625,6.044596772,6.414896343,6.847476879,7.342554435,7.900352304,8.521092283,9.204817063,9.951337371,10.76555566,11.66367971,12.50839944,0,0,0,0,0,0,0,0,0,0,0,0,0,0,0,0,0,0,0,0,0,0,0,0,0,0,0,0,0,0,0,0,0,0,0,0,0,0,0
7.172074752,6.917223479,7.014698067,7.315023412,7.761208852,8.330051616,9.004418665,9.767312139,10.60159831,11.49094808,12.4207909,13.37895182,14.35589996,15.34465003,16.34041953,17.34015891,18.3421084,19.34836998,20.32709718,0,0,0,0,0,0,0,0,0,0,0,0,0,0,0,0,0,0,0,0,0,0,0,0,0,0,0,0,0,0,0,0,0,0,0,0,0,0,0,0,0,0,0,0,0,0,0,0,0,0,0,0
11.31434531,10.45762784,9.600752031,8.839458284,8.160137163,7.560839879,7.041724727,6.602720735,6.243717204,5.964613388,5.765322016,5.645775601,5.605931631,5.645775601,5.765322016,5.964613388,6.243717204,6.602720735,7.041724727,7.560839879,8.160137163,8.839458284,9.600752031,10.45762784,11.31434531,0,0,0,0,0,0,0,0,0,0,0,0,0,0,0,0,0,0,0,0,0,0,0,0,0,0,0,0,0,0,0,0,0,0,0,0,0,0,0,0,0,0,0,0,0,0
12.83948396,11.99996267,11.09299793,10.26750874,9.507304992,8.806394215,8.16491908,7.582872735,7.060008357,6.596068265,6.190800956,5.843961572,5.5553209,5.324674268,5.151848793,5.036709351,4.979163212,4.979163212,5.036709351,5.151848793,5.324674268,5.5553209,5.843961572,6.190800956,6.596068265,7.060008357,7.582872735,8.16491908,8.806394215,9.507304992,10.26750874,11.09299793,11.99996267,12.83948396,0,0,0,0,0,0,0,0,0,0,0,0,0,0,0,0,0,0,0,0,0,0,0,0,0,0,0,0,0,0,0,0,0,0,0,0,0
11.48853599,10.63276371,9.768769263,8.998210231,8.306890343,7.692529816,7.155301327,6.695130412,6.31189028,6.005463554,5.775745524,5.622650705,5.546118849,5.546118849,5.622650705,5.775745524,6.005463554,6.31189028,6.695130412,7.155301327,7.692529816,8.306890343,8.998210231,9.768769263,10.63276371,11.48853599,0,0,0,0,0,0,0,0,0,0,0,0,0,0,0,0,0,0,0,0,0,0,0,0,0,0,0,0,0,0,0,0,0,0,0,0,0,0,0,0,0,0,0,0,0
10.60298633,9.746251648,8.923797019,8.208330921,7.589067866,7.065078046,6.636458722,6.303164603,6.065141761,5.92234704,5.874752089,5.92234704,6.065141761,6.303164603,6.636458722,7.065078046,7.589067866,8.208330921,8.923797019,9.746251648,10.60298633,0,0,0,0,0,0,0,0,0,0,0,0,0,0,0,0,0,0,0,0,0,0,0,0,0,0,0,0,0,0,0,0,0,0,0,0,0,0,0,0,0,0,0,0,0,0,0,0,0,0
14.58604294,13.78220474,12.84170991,11.97026627,11.15865025,10.39396911,9.675191026,9.002670332,8.376178617,7.795317309,7.259687233,6.768885702,6.322501961,5.920125399,5.561355153,5.245808353,4.973127578,4.742987788,4.555102634,4.409229974,4.305176514,4.2428015,4.222019393,4.2428015,4.305176514,4.409229974,4.555102634,4.742987788,4.973127578,5.245808353,5.561355153,5.920125399,6.322501961,6.768885702,7.259687233,7.795317309,8.376178617,9.002670332,9.675191026,10.39396911,11.15865025,11.97026627,12.84170991,13.78220474,14.58604294,0,0,0,0,0,0,0,0,0,0,0,0,0,0,0,0,0,0,0,0,0,0,0,0,0,0
7.429688188,7.148489427,7.209172463,7.468886058,7.871023808,8.393942338,9.022736671,9.742687668,10.53855941,11.39528985,12.29885226,13.2369383,14.19935791,15.17814808,16.16743839,17.16315278,18.16263608,19.16427023,20.16720646,21.17475917,22.15043693,0,0,0,0,0,0,0,0,0,0,0,0,0,0,0,0,0,0,0,0,0,0,0,0,0,0,0,0,0,0,0,0,0,0,0,0,0,0,0,0,0,0,0,0,0,0,0,0,0,0
9.860344999,9.012322882,8.238525946,7.590414328,7.060404419,6.648151626,6.35370549,6.177048175,6.118164267,6.177048175,6.35370549,6.648151626,7.060404419,7.590414328,8.238525946,9.012322882,9.860344999,0,0,0,0,0,0,0,0,0,0,0,0,0,0,0,0,0,0,0,0,0,0,0,0,0,0,0,0,0,0,0,0,0,0,0,0,0,0,0,0,0,0,0,0,0,0,0,0,0,0,0,0,0,0
11.83312999,10.98012087,10.10326496,9.316134506,8.603552562,7.962483838,7.393123751,6.895397156,6.4691443,6.114213049,5.830462037,5.617767088,5.476028642,5.40517725,5.40517725,5.476028642,5.617767088,5.830462037,6.114213049,6.4691443,6.895397156,7.393123751,7.962483838,8.603552562,9.316134506,10.10326496,10.98012087,11.83312999,0,0,0,0,0,0,0,0,0,0,0,0,0,0,0,0,0,0,0,0,0,0,0,0,0,0,0,0,0,0,0,0,0,0,0,0,0,0,0,0,0,0,0
31.0210839,30.06295619,29.04896946,28.04388041,27.03957579,26.03568898,25.03226893,24.02938762,23.02723687,22.0261696,21.02677304,20.02996802,19.03713352,18.05025211,17.07206667,16.1062336,15.15745255,14.23154975,13.33549201,12.47731246,11.66593669,10.91090901,10.22203184,9.608946249,9.08070596,8.64546624,8.310666931,8.085000618,7.986596308,8.072063788,8.45069891,0,0,0,0,0,0,0,0,0,0,0,0,0,0,0,0,0,0,0,0,0,0,0,0,0,0,0,0,0,0,0,0,0,0,0,0,0,0,0,0
10.60298633,9.746251648,8.923797019,8.208330921,7.589067866,7.065078046,6.636458722,6.303164603,6.065141761,5.92234704,5.874752089,5.92234704,6.065141761,6.303164603,6.636458722,7.065078046,7.589067866,8.208330921,8.923797019,9.746251648,10.60298633,0,0,0,0,0,0,0,0,0,0,0,0,0,0,0,0,0,0,0,0,0,0,0,0,0,0,0,0,0,0,0,0,0,0,0,0,0,0,0,0,0,0,0,0,0,0,0,0,0,0
41.33801663,40.40514758,39.38192631,38.37439385,37.36875647,36.36346109,35.35865146,34.35422006,33.35010995,32.34629425,31.34276386,30.33953188,29.33663919,28.33416506,27.33224373,26.33108773,25.33101936,24.33251147,23.33623808,22.3431345,21.35446574,20.37190027,19.39758495,18.43421517,17.48509325,16.55416731,15.64604297,14.76596107,13.91973671,13.11365729,12.35434091,11.64856007,11.00303881,10.4242351,9.918122968,9.489995295,9.144329914,8.884844601,8.715150289,8.641302181,8.680848025,8.891330625,9.341483282,0,0,0,0,0,0,0,0,0,0,0,0,0,0,0,0,0,0,0,0,0,0,0,0,0,0,0,0
11.31434531,10.45762784,9.600752031,8.839458284,8.160137163,7.560839879,7.041724727,6.602720735,6.243717204,5.964613388,5.765322016,5.645775601,5.605931631,5.645775601,5.765322016,5.964613388,6.243717204,6.602720735,7.041724727,7.560839879,8.160137163,8.839458284,9.600752031,10.45762784,11.31434531,0,0,0,0,0,0,0,0,0,0,0,0,0,0,0,0,0,0,0,0,0,0,0,0,0,0,0,0,0,0,0,0,0,0,0,0,0,0,0,0,0,0,0,0,0,0
34.48951599,33.53933444,32.52243388,31.51661766,30.51183404,29.50743649,28.50345349,27.49984924,26.49665099,25.49394882,24.49191905,23.49086342,22.4912638,21.49385485,20.4997143,19.51036914,18.5279125,17.55512285,16.5955738,15.65372004,14.73494393,13.84554811,12.99268238,12.18419895,11.42843668,10.73394349,10.10915433,9.562052012,9.09985922,8.728882596,8.454899401,8.285387184,8.238043204,8.369787004,8.776371558,0,0,0,0,0,0,0,0,0,0,0,0,0,0,0,0,0,0,0,0,0,0,0,0,0,0,0,0,0,0,0,0,0,0,0,0
8.273512805,7.910816878,7.850666219,7.977007941,8.233357637,8.60123011,9.071130256,9.634578555,10.2823122,11.00422929,11.78979339,12.62852476,13.51045588,14.42649763,15.36869083,16.33033584,17.30600962,18.29149084,19.28362078,20.28012916,21.27945093,22.28055431,23.28279301,24.28578939,25.28935518,26.29338762,27.29812855,28.31073682,29.27264745,0,0,0,0,0,0,0,0,0,0,0,0,0,0,0,0,0,0,0,0,0,0,0,0,0,0,0,0,0,0,0,0,0,0,0,0,0,0,0,0,0,0
19.40692282,18.42674945,17.42120314,16.4200043,15.42179905,14.42907114,13.44598248,12.47889545,11.53684102,10.63175406,9.77834291,8.993513492,8.295390519,7.702248455,7.232534341,6.910428072,6.7932198,7.033686647,0,0,0,0,0,0,0,0,0,0,0,0,0,0,0,0,0,0,0,0,0,0,0,0,0,0,0,0,0,0,0,0,0,0,0,0,0,0,0,0,0,0,0,0,0,0,0,0,0,0,0,0,0
6.734194861,6.525363801,6.685219547,7.05438821,7.574662616,8.219378431,8.966966965,9.796312618,10.6872957,11.62210055,12.58615691,13.56847155,14.56140716,15.5601146,16.56390646,17.54676144,0,0,0,0,0,0,0,0,0,0,0,0,0,0,0,0,0,0,0,0,0,0,0,0,0,0,0,0,0,0,0,0,0,0,0,0,0,0,0,0,0,0,0,0,0,0,0,0,0,0,0,0,0,0,0
12.17299927,11.32373451,10.43558447,9.634043078,8.903249814,8.23929236,7.64237453,7.112431135,6.649270073,6.252703533,5.922552542,5.658652293,5.460860618,5.329064845,5.26318692,5.26318692,5.329064845,5.460860618,5.658652293,5.922552542,6.252703533,6.649270073,7.112431135,7.64237453,8.23929236,8.903249814,9.634043078,10.43558447,11.32373451,12.17299927,0,0,0,0,0,0,0,0,0,0,0,0,0,0,0,0,0,0,0,0,0,0,0,0,0,0,0,0,0,0,0,0,0,0,0,0,0,0,0,0,0
10.04983853,9.198543681,8.410743398,7.742988346,7.186887964,6.741986279,6.408342816,6.185933585,6.074735398,6.074735398,6.185933585,6.408342816,6.741986279,7.186887964,7.742988346,8.410743398,9.198543681,10.04983853,0,0,0,0,0,0,0,0,0,0,0,0,0,0,0,0,0,0,0,0,0,0,0,0,0,0,0,0,0,0,0,0,0,0,0,0,0,0,0,0,0,0,0,0,0,0,0,0,0,0,0,0,0
27.51308037,26.547518,25.53623351,24.531845,23.52813415,22.52499571,21.52264447,20.52147592,19.52219859,18.52596864,17.53456638,16.55060155,15.57772891,14.62084682,13.68624398,12.78165739,11.91620826,11.10019427,10.3447346,9.661287517,9.061092882,8.554662996,8.1516903,7.862643603,7.706491834,7.739631428,8.08485457,0,0,0,0,0,0,0,0,0,0,0,0,0,0,0,0,0,0,0,0,0,0,0,0,0,0,0,0,0,0,0,0,0,0,0,0,0,0,0,0,0,0,0,0
8.535466597,8.149380985,8.05182987,8.136900688,8.347911526,8.666872493,9.085438569,9.596633364,10.19280685,10.86539564,11.60519137,12.40273552,13.24871908,14.13433615,15.05156272,15.9933461,16.95370185,17.9277257,18.91153581,19.90216503,20.89742424,21.89575584,22.89609272,23.89773318,24.90023756,25.90334834,26.90693347,27.91095891,28.91538913,29.9206547,30.9353509,31.89153899,0,0,0,0,0,0,0,0,0,0,0,0,0,0,0,0,0,0,0,0,0,0,0,0,0,0,0,0,0,0,0,0,0,0,0,0,0,0,0
11.13879991,10.2814719,9.432240843,8.680977645,8.014714934,7.431803792,6.932387191,6.516399229,6.183744733,5.934338857,5.768110881,5.685010094,5.685010094,5.768110881,5.934338857,6.183744733,6.516399229,6.932387191,7.431803792,8.014714934,8.680977645,9.432240843,10.2814719,11.13879991,0,0,0,0,0,0,0,0,0,0,0,0,0,0,0,0,0,0,0,0,0,0,0,0,0,0,0,0,0,0,0,0,0,0,0,0,0,0,0,0,0,0,0,0,0,0,0
8.927141958,8.50827776,8.355285616,8.379185674,8.522893004,8.768820869,9.109950034,9.541167141,10.05693414,10.65082017,11.31559388,12.0434803,12.82646068,13.65656908,14.52615984,15.42812827,16.35607388,17.30440156,18.26836283,19.24404399,20.2283123,21.21873255,22.21346688,23.21116933,24.21088416,25.21195434,26.21394399,27.21657589,28.21968385,29.22317868,30.22702497,31.23123074,32.23585837,33.24086533,34.24707243,35.26550001,36.21152511,0,0,0,0,0,0,0,0,0,0,0,0,0,0,0,0,0,0,0,0,0,0,0,0,0,0,0,0,0,0,0,0,0,0
29.27264745,28.31073682,27.29812855,26.29338762,25.28935518,24.28578939,23.28279301,22.28055431,21.27945093,20.28012916,19.28362078,18.29149084,17.30600962,16.33033584,15.36869083,14.42649763,13.51045588,12.62852476,11.78979339,11.00422929,10.2823122,9.634578555,9.071130256,8.60123011,8.233357637,7.977007941,7.850666219,7.910816878,8.273512805,0,0,0,0,0,0,0,0,0,0,0,0,0,0,0,0,0,0,0,0,0,0,0,0,0,0,0,0,0,0,0,0,0,0,0,0,0,0,0,0,0,0
10.3122514,9.805422646,9.469285159,9.290490603,9.21139425,9.213137449,9.290614891,9.442208896,9.666910619,9.963421339,10.32988584,10.76384549,11.26226995,11.82162253,12.43794448,13.1069513,13.82413605,14.58487493,15.38453026,16.21854684,17.08253775,17.97235684,18.88415599,19.81442609,20.76002205,21.7181725,22.6864761,23.66288651,24.64568858,25.63346821,26.62507864,27.619605,28.61632942,29.61469778,30.61428942,31.61479027,32.61596983,33.61766192,34.61974901,35.62214972,36.62480922,37.62769187,38.63077603,39.63405029,40.63751075,41.64115921,42.6450024,43.64905217,44.65332512,45.65784207,46.6626317,47.66773546,48.6731981,49.67907948,50.68555986,51.69268593,52.6997761,53.71285917,54.75005218,55.64106237,0,0,0,0,0,0,0,0,0,0,0
31.89153899,30.9353509,29.9206547,28.91538913,27.91095891,26.90693347,25.90334834,24.90023756,23.89773318,22.89609272,21.89575584,20.89742424,19.90216503,18.91153581,17.9277257,16.95370185,15.9933461,15.05156272,14.13433615,13.24871908,12.40273552,11.60519137,10.86539564,10.19280685,9.596633364,9.085438569,8.666872493,8.347911526,8.136900688,8.05182987,8.149380985,8.535466597,0,0,0,0,0,0,0,0,0,0,0,0,0,0,0,0,0,0,0,0,0,0,0,0,0,0,0,0,0,0,0,0,0,0,0,0,0,0,0
10.78325174,9.925866935,9.093764843,8.365284297,7.728877831,7.183405078,6.728978024,6.365544003,6.09303639,5.911399277,5.82059158,5.82059158,5.911399277,6.09303639,6.365544003,6.728978024,7.183405078,7.728877831,8.365284297,9.093764843,9.925866935,10.78325174,0,0,0,0,0,0,0,0,0,0,0,0,0,0,0,0,0,0,0,0,0,0,0,0,0,0,0,0,0,0,0,0,0,0,0,0,0,0,0,0,0,0,0,0,0,0,0,0,0
42.18747163,41.25688956,40.23284663,39.22506714,38.21933028,37.21392442,36.20901735,35.20449663,34.20029999,33.19639642,32.19277054,31.18942617,30.18638992,29.18371905,28.18151438,27.17993889,26.17924319,25.17979924,24.18214303,23.18702635,22.19547731,21.2088676,20.22898349,19.25809604,18.29902465,17.35518716,16.43062928,15.53002635,14.65865173,13.82230789,13.02721918,12.27988818,11.58692108,10.95483058,10.38982751,9.897615281,9.483207264,9.150809381,8.903894577,8.745880003,8.682705958,8.73194737,8.95121091,9.405875018,0,0,0,0,0,0,0,0,0,0,0,0,0,0,0,0,0,0,0,0,0,0,0,0,0,0,0
8.99992237,8.575293198,8.412097247,8.424738787,8.556050792,8.788480919,9.115209476,9.531420496,10.03192667,10.6106647,11.26075883,11.9747542,12.74489777,13.56342172,14.42280402,15.31598899,16.23655651,17.17883402,18.13795191,19.10984707,20.09122405,21.07948462,22.07263787,23.06920161,24.0681044,25.068595,26.07016349,27.07247628,28.07532494,29.07858822,30.08220557,31.0861596,32.09047048,33.09521077,34.10032674,35.10673786,36.12594415,37.06984678,0,0,0,0,0,0,0,0,0,0,0,0,0,0,0,0,0,0,0,0,0,0,0,0,0,0,0,0,0,0,0,0,0
18.48035894,17.49880441,16.49406334,15.49389932,14.49786401,13.50943752,12.5342736,11.58077401,10.66048802,9.788135604,8.981129616,8.258597134,7.640185231,7.145812475,6.800801545,6.662839172,6.888000713,0,0,0,0,0,0,0,0,0,0,0,0,0,0,0,0,0,0,0,0,0,0,0,0,0,0,0,0,0,0,0,0,0,0,0,0,0,0,0,0,0,0,0,0,0,0,0,0,0,0,0,0,0,0
6.888000713,6.662839172,6.800801545,7.145812475,7.640185231,8.258597134,8.981129616,9.788135604,10.66048802,11.58077401,12.5342736,13.50943752,14.49786401,15.49389932,16.49406334,17.49880441,18.48035894,0,0,0,0,0,0,0,0,0,0,0,0,0,0,0,0,0,0,0,0,0,0,0,0,0,0,0,0,0,0,0,0,0,0,0,0,0,0,0,0,0,0,0,0,0,0,0,0,0,0,0,0,0,0
13.64882387,12.82440376,11.89942271,11.05035962,10.26275998,9.52758903,8.844675937,8.214156045,7.635752461,7.10913077,6.633961928,6.209915524,5.83666529,5.513899146,5.241327996,5.018693309,4.845773822,4.722391269,4.648414962,4.623765132,4.648414962,4.722391269,4.845773822,5.018693309,5.241327996,5.513899146,5.83666529,6.209915524,6.633961928,7.10913077,7.635752461,8.214156045,8.844675937,9.52758903,10.26275998,11.05035962,11.89942271,12.82440376,13.64882387,0,0,0,0,0,0,0,0,0,0,0,0,0,0,0,0,0,0,0,0,0,0,0,0,0,0,0,0,0,0,0,0
7.665451725,7.360678728,7.387628354,7.610105025,7.971687663,8.451891848,9.03760695,9.716061077,10.47376238,11.29696276,12.17240236,13.0879765,14.03320697,14.99948294,15.98008464,16.97003463,17.96583808,18.96517518,19.9666008,20.96926988,21.97282606,22.98160471,23.95405902,0,0,0,0,0,0,0,0,0,0,0,0,0,0,0,0,0,0,0,0,0,0,0,0,0,0,0,0,0,0,0,0,0,0,0,0,0,0,0,0,0,0,0,0,0,0,0,0
11.31434531,10.45762784,9.600752031,8.839458284,8.160137163,7.560839879,7.041724727,6.602720735,6.243717204,5.964613388,5.765322016,5.645775601,5.605931631,5.645775601,5.765322016,5.964613388,6.243717204,6.602720735,7.041724727,7.560839879,8.160137163,8.839458284,9.600752031,10.45762784,11.31434531,0,0,0,0,0,0,0,0,0,0,0,0,0,0,0,0,0,0,0,0,0,0,0,0,0,0,0,0,0,0,0,0,0,0,0,0,0,0,0,0,0,0,0,0,0,0
12.50839944,11.66367971,10.76555566,9.951337371,9.204817063,8.521092283,7.900352304,7.342554435,6.847476879,6.414896343,6.044596772,5.736372625,5.490037915,5.305434198,5.182436885,5.120960117,5.120960117,5.182436885,5.305434198,5.490037915,5.736372625,6.044596772,6.414896343,6.847476879,7.342554435,7.900352304,8.521092283,9.204817063,9.951337371,10.76555566,11.66367971,12.50839944,0,0,0,0,0,0,0,0,0,0,0,0,0,0,0,0,0,0,0,0,0,0,0,0,0,0,0,0,0,0,0,0,0,0,0,0,0,0,0
15.77935339,15.00463692,14.0512865,13.15609246,12.32132334,11.52955171,10.7776956,10.06629112,9.395328193,8.764396466,8.173037114,7.620794811,7.107201009,6.631772283,6.194018491,5.793451221,5.429591018,5.101974075,4.810158709,4.55373155,4.332313301,4.145563988,3.993187652,3.874936413,3.790613869,3.740077786,3.723242039,3.740077786,3.790613869,3.874936413,3.993187652,4.145563988,4.332313301,4.55373155,4.810158709,5.101974075,5.429591018,5.793451221,6.194018491,6.631772283,7.107201009,7.620794811,8.173037114,8.764396466,9.395328193,10.06629112,10.7776956,11.52955171,12.32132334,13.15609246,14.0512865,15.00463692,15.77935339,0,0,0,0,0,0,0,0,0,0,0,0,0,0,0,0,0,0
12.67447438,11.83228033,10.92960412,10.10959207,9.355998245,8.663386681,8.031927926,7.461595542,6.952154508,6.503364156,6.114990447,5.786807923,5.518608813,5.310211498,5.161467327,5.072266068,5.042539938,5.072266068,5.161467327,5.310211498,5.518608813,5.786807923,6.114990447,6.503364156,6.952154508,7.461595542,8.031927926,8.663386681,9.355998245,10.10959207,10.92960412,11.83228033,12.67447438,0,0,0,0,0,0,0,0,0,0,0,0,0,0,0,0,0,0,0,0,0,0,0,0,0,0,0,0,0,0,0,0,0,0,0,0,0,0
12.83948396,11.99996267,11.09299793,10.26750874,9.507304992,8.806394215,8.16491908,7.582872735,7.060008357,6.596068265,6.190800956,5.843961572,5.5553209,5.324674268,5.151848793,5.036709351,4.979163212,4.979163212,5.036709351,5.151848793,5.324674268,5.5553209,5.843961572,6.190800956,6.596068265,7.060008357,7.582872735,8.16491908,8.806394215,9.507304992,10.26750874,11.09299793,11.99996267,12.83948396,0,0,0,0,0,0,0,0,0,0,0,0,0,0,0,0,0,0,0,0,0,0,0,0,0,0,0,0,0,0,0,0,0,0,0,0,0
8.776371558,8.369787004,8.238043204,8.285387184,8.454899401,8.728882596,9.09985922,9.562052012,10.10915433,10.73394349,11.42843668,12.18419895,12.99268238,13.84554811,14.73494393,15.65372004,16.5955738,17.55512285,18.5279125,19.51036914,20.4997143,21.49385485,22.4912638,23.49086342,24.49191905,25.49394882,26.49665099,27.49984924,28.50345349,29.50743649,30.51183404,31.51661766,32.52243388,33.53933444,34.48951599,0,0,0,0,0,0,0,0,0,0,0,0,0,0,0,0,0,0,0,0,0,0,0,0,0,0,0,0,0,0,0,0,0,0,0,0
12.00363627,11.15238887,10.2697071,9.475130454,8.753100362,8.100157805,7.516504709,7.002069433,6.556675846,6.180154016,5.872343793,5.633100806,5.46230447,5.359864183,5.325723765,5.359864183,5.46230447,5.633100806,5.872343793,6.180154016,6.556675846,7.002069433,7.516504709,8.100157805,8.753100362,9.475130454,10.2697071,11.15238887,12.00363627,0,0,0,0,0,0,0,0,0,0,0,0,0,0,0,0,0,0,0,0,0,0,0,0,0,0,0,0,0,0,0,0,0,0,0,0,0,0,0,0,0,0
7.172074752,6.917223479,7.014698067,7.315023412,7.761208852,8.330051616,9.004418665,9.767312139,10.60159831,11.49094808,12.4207909,13.37895182,14.35589996,15.34465003,16.34041953,17.34015891,18.3421084,19.34836998,20.32709718,0,0,0,0,0,0,0,0,0,0,0,0,0,0,0,0,0,0,0,0,0,0,0,0,0,0,0,0,0,0,0,0,0,0,0,0,0,0,0,0,0,0,0,0,0,0,0,0,0,0,0,0
20.32709718,19.34836998,18.3421084,17.34015891,16.34041953,15.34465003,14.35589996,13.37895182,12.4207909,11.49094808,10.60159831,9.767312139,9.004418665,8.330051616,7.761208852,7.315023412,7.014698067,6.917223479,7.172074752,0,0,0,0,0,0,0,0,0,0,0,0,0,0,0,0,0,0,0,0,0,0,0,0,0,0,0,0,0,0,0,0,0,0,0,0,0,0,0,0,0,0,0,0,0,0,0,0,0,0,0,0
12.50839944,11.66367971,10.76555566,9.951337371,9.204817063,8.521092283,7.900352304,7.342554435,6.847476879,6.414896343,6.044596772,5.736372625,5.490037915,5.305434198,5.182436885,5.120960117,5.120960117,5.182436885,5.305434198,5.490037915,5.736372625,6.044596772,6.414896343,6.847476879,7.342554435,7.900352304,8.521092283,9.204817063,9.951337371,10.76555566,11.66367971,12.50839944,0,0,0,0,0,0,0,0,0,0,0,0,0,0,0,0,0,0,0,0,0,0,0,0,0,0,0,0,0,0,0,0,0,0,0,0,0,0,0
13.7247457,12.73822493,11.74215824,10.7596521,9.801001178,8.883444404,8.03006482,7.268526553,6.629258381,6.147289119,5.885084937,6.015431648,0,0,0,0,0,0,0,0,0,0,0,0,0,0,0,0,0,0,0,0,0,0,0,0,0,0,0,0,0,0,0,0,0,0,0,0,0,0,0,0,0,0,0,0,0,0,0,0,0,0,0,0,0,0,0,0,0,0,0
9.470958,8.632438618,7.89178863,7.290816336,6.823516914,6.489711195,6.289432944,6.222674726,6.289432944,6.489711195,6.823516914,7.290816336,7.89178863,8.632438618,9.470958,0,0,0,0,0,0,0,0,0,0,0,0,0,0,0,0,0,0,0,0,0,0,0,0,0,0,0,0,0,0,0,0,0,0,0,0,0,0,0,0,0,0,0,0,0,0,0,0,0,0,0,0,0,0,0,0
20.32709718,19.34836998,18.3421084,17.34015891,16.34041953,15.34465003,14.35589996,13.37895182,12.4207909,11.49094808,10.60159831,9.767312139,9.004418665,8.330051616,7.761208852,7.315023412,7.014698067,6.917223479,7.172074752,0,0,0,0,0,0,0,0,0,0,0,0,0,0,0,0,0,0,0,0,0,0,0,0,0,0,0,0,0,0,0,0,0,0,0,0,0,0,0,0,0,0,0,0,0,0,0,0,0,0,0,0
10.23654212,9.382772319,8.582322087,7.896990294,7.317578253,6.843496632,6.474816297,6.211506534,6.053535161,6.000880598,6.053535161,6.211506534,6.474816297,6.843496632,7.317578253,7.896990294,8.582322087,9.382772319,10.23654212,0,0,0,0,0,0,0,0,0,0,0,0,0,0,0,0,0,0,0,0,0,0,0,0,0,0,0,0,0,0,0,0,0,0,0,0,0,0,0,0,0,0,0,0,0,0,0,0,0,0,0,0
13.00343787,12.16672186,11.25571542,10.42503581,9.658644675,8.949972326,8.299123285,7.706113531,7.170686088,6.692566719,6.271487048,5.907183465,5.599405826,5.347926721,5.152549114,5.013112748,4.92949933,4.901636335,4.92949933,5.013112748,5.152549114,5.347926721,5.599405826,5.907183465,6.271487048,6.692566719,7.170686088,7.706113531,8.299123285,8.949972326,9.658644675,10.42503581,11.25571542,12.16672186,13.00343787,0,0,0,0,0,0,0,0,0,0,0,0,0,0,0,0,0,0,0,0,0,0,0,0,0,0,0,0,0,0,0,0,0,0,0,0
8.273512805,7.910816878,7.850666219,7.977007941,8.233357637,8.60123011,9.071130256,9.634578555,10.2823122,11.00422929,11.78979339,12.62852476,13.51045588,14.42649763,15.36869083,16.33033584,17.30600962,18.29149084,19.28362078,20.28012916,21.27945093,22.28055431,23.28279301,24.28578939,25.28935518,26.29338762,27.29812855,28.31073682,29.27264745,0,0,0,0,0,0,0,0,0,0,0,0,0,0,0,0,0,0,0,0,0,0,0,0,0,0,0,0,0,0,0,0,0,0,0,0,0,0,0,0,0,0
12.67447438,11.83228033,10.92960412,10.10959207,9.355998245,8.663386681,8.031927926,7.461595542,6.952154508,6.503364156,6.114990447,5.786807923,5.518608813,5.310211498,5.161467327,5.072266068,5.042539938,5.072266068,5.161467327,5.310211498,5.518608813,5.786807923,6.114990447,6.503364156,6.952154508,7.461595542,8.031927926,8.663386681,9.355998245,10.10959207,10.92960412,11.83228033,12.67447438,0,0,0,0,0,0,0,0,0,0,0,0,0,0,0,0,0,0,0,0,0,0,0,0,0,0,0,0,0,0,0,0,0,0,0,0,0,0
6.734194861,6.525363801,6.685219547,7.05438821,7.574662616,8.219378431,8.966966965,9.796312618,10.6872957,11.62210055,12.58615691,13.56847155,14.56140716,15.5601146,16.56390646,17.54676144,0,0,0,0,0,0,0,0,0,0,0,0,0,0,0,0,0,0,0,0,0,0,0,0,0,0,0,0,0,0,0,0,0,0,0,0,0,0,0,0,0,0,0,0,0,0,0,0,0,0,0,0,0,0,0
11.661445,10.80691876,9.9362792,9.157132955,8.454759118,7.826515667,7.272587945,6.792899975,6.387308534,6.05567906,5.797888737,5.613833101,5.503432794,5.466638301,5.503432794,5.613833101,5.797888737,6.05567906,6.387308534,6.792899975,7.272587945,7.826515667,8.454759118,9.157132955,9.9362792,10.80691876,11.661445,0,0,0,0,0,0,0,0,0,0,0,0,0,0,0,0,0,0,0,0,0,0,0,0,0,0,0,0,0,0,0,0,0,0,0,0,0,0,0,0,0,0,0,0
7.882911299,7.55690782,7.552705432,7.740796058,8.064814003,8.50514145,9.050122632,9.688646892,10.40879601,11.19810874,12.04420461,12.93540323,13.86121638,14.81266537,15.78241598,16.76475074,17.75541794,18.75140479,19.75068133,20.75195301,21.75445029,22.75774077,23.7617496,24.77176169,25.7408406,0,0,0,0,0,0,0,0,0,0,0,0,0,0,0,0,0,0,0,0,0,0,0,0,0,0,0,0,0,0,0,0,0,0,0,0,0,0,0,0,0,0,0,0,0,0
12.34124655,11.4941641,10.60087488,9.792800739,9.05386344,8.379669013,7.770417434,7.22605312,6.746368659,6.331158415,5.980224732,5.693382341,5.470467199,5.311343925,5.215911561,5.184107794,5.215911561,5.311343925,5.470467199,5.693382341,5.980224732,6.331158415,6.746368659,7.22605312,7.770417434,8.379669013,9.05386344,9.792800739,10.60087488,11.4941641,12.34124655,0,0,0,0,0,0,0,0,0,0,0,0,0,0,0,0,0,0,0,0,0,0,0,0,0,0,0,0,0,0,0,0,0,0,0,0,0,0,0,0
9.860344999,9.012322882,8.238525946,7.590414328,7.060404419,6.648151626,6.35370549,6.177048175,6.118164267,6.177048175,6.35370549,6.648151626,7.060404419,7.590414328,8.238525946,9.012322882,9.860344999,0,0,0,0,0,0,0,0,0,0,0,0,0,0,0,0,0,0,0,0,0,0,0,0,0,0,0,0,0,0,0,0,0,0,0,0,0,0,0,0,0,0,0,0,0,0,0,0,0,0,0,0,0,0
28.39434492,27.4305918,26.41865219,25.41408585,24.41020576,23.40683536,22.40412388,21.40234812,20.40202752,19.40402862,18.40970982,17.42109732,16.44108067,15.4736084,14.52385664,13.59833869,12.70492317,11.85273418,11.05191855,10.31328264,9.64782181,9.066195914,8.578273823,8.193117989,7.920686594,7.779688693,7.826558957,8.180722504,0,0,0,0,0,0,0,0,0,0,0,0,0,0,0,0,0,0,0,0,0,0,0,0,0,0,0,0,0,0,0,0,0,0,0,0,0,0,0,0,0,0,0
10.78325174,9.925866935,9.093764843,8.365284297,7.728877831,7.183405078,6.728978024,6.365544003,6.09303639,5.911399277,5.82059158,5.82059158,5.911399277,6.09303639,6.365544003,6.728978024,7.183405078,7.728877831,8.365284297,9.093764843,9.925866935,10.78325174,0,0,0,0,0,0,0,0,0,0,0,0,0,0,0,0,0,0,0,0,0,0,0,0,0,0,0,0,0,0,0,0,0,0,0,0,0,0,0,0,0,0,0,0,0,0,0,0,0
50.62184139,49.7154117,48.68305806,47.67229308,46.6656592,45.65915905,44.65327672,43.64789652,42.64289445,41.63822059,40.63383351,39.62970135,38.62580311,37.62212495,36.61865991,35.61540942,34.61238503,33.60961164,32.60713272,31.60501773,30.6033724,29.60235235,28.60218093,27.60317166,26.60575567,25.61051435,24.61821674,23.62986111,22.64671911,21.67038067,20.7027969,19.74631776,18.80372117,17.87822968,16.97351131,16.09366164,15.24316508,14.42683424,13.64972819,12.91705127,12.23403622,11.60581622,11.03729183,10.53299931,10.09698746,9.732711858,9.442961826,9.22986307,9.09509266,9.040722644,9.072002189,9.207152826,9.50406488,9.995143591,0,0,0,0,0,0,0,0,0,0,0,0,0,0,0,0,0
8.273512805,7.910816878,7.850666219,7.977007941,8.233357637,8.60123011,9.071130256,9.634578555,10.2823122,11.00422929,11.78979339,12.62852476,13.51045588,14.42649763,15.36869083,16.33033584,17.30600962,18.29149084,19.28362078,20.28012916,21.27945093,22.28055431,23.28279301,24.28578939,25.28935518,26.29338762,27.29812855,28.31073682,29.27264745,0,0,0,0,0,0,0,0,0,0,0,0,0,0,0,0,0,0,0,0,0,0,0,0,0,0,0,0,0,0,0,0,0,0,0,0,0,0,0,0,0,0
9.470958,8.632438618,7.89178863,7.290816336,6.823516914,6.489711195,6.289432944,6.222674726,6.289432944,6.489711195,6.823516914,7.290816336,7.89178863,8.632438618,9.470958,0,0,0,0,0,0,0,0,0,0,0,0,0,0,0,0,0,0,0,0,0,0,0,0,0,0,0,0,0,0,0,0,0,0,0,0,0,0,0,0,0,0,0,0,0,0,0,0,0,0,0,0,0,0,0,0
8.927141958,8.50827776,8.355285616,8.379185674,8.522893004,8.768820869,9.109950034,9.541167141,10.05693414,10.65082017,11.31559388,12.0434803,12.82646068,13.65656908,14.52615984,15.42812827,16.35607388,17.30440156,18.26836283,19.24404399,20.2283123,21.21873255,22.21346688,23.21116933,24.21088416,25.21195434,26.21394399,27.21657589,28.21968385,29.22317868,30.22702497,31.23123074,32.23585837,33.24086533,34.24707243,35.26550001,36.21152511,0,0,0,0,0,0,0,0,0,0,0,0,0,0,0,0,0,0,0,0,0,0,0,0,0,0,0,0,0,0,0,0,0,0
11.48853599,10.63276371,9.768769263,8.998210231,8.306890343,7.692529816,7.155301327,6.695130412,6.31189028,6.005463554,5.775745524,5.622650705,5.546118849,5.546118849,5.622650705,5.775745524,6.005463554,6.31189028,6.695130412,7.155301327,7.692529816,8.306890343,8.998210231,9.768769263,10.63276371,11.48853599,0,0,0,0,0,0,0,0,0,0,0,0,0,0,0,0,0,0,0,0,0,0,0,0,0,0,0,0,0,0,0,0,0,0,0,0,0,0,0,0,0,0,0,0,0
6.888000713,6.662839172,6.800801545,7.145812475,7.640185231,8.258597134,8.981129616,9.788135604,10.66048802,11.58077401,12.5342736,13.50943752,14.49786401,15.49389932,16.49406334,17.49880441,18.48035894,0,0,0,0,0,0,0,0,0,0,0,0,0,0,0,0,0,0,0,0,0,0,0,0,0,0,0,0,0,0,0,0,0,0,0,0,0,0,0,0,0,0,0,0,0,0,0,0,0,0,0,0,0,0
13.3282068,12.4974468,11.57903928,10.73873574,9.961093771,9.238337023,8.570458747,7.957529579,7.399278059,6.895398505,6.445590795,6.049556142,5.70700462,5.417664969,5.181292883,4.997678115,4.866650541,4.788085055,4.761905143,4.788085055,4.866650541,4.997678115,5.181292883,5.417664969,5.70700462,6.049556142,6.445590795,6.895398505,7.399278059,7.957529579,8.570458747,9.238337023,9.961093771,10.73873574,11.57903928,12.4974468,13.3282068,0,0,0,0,0,0,0,0,0,0,0,0,0,0,0,0,0,0,0,0,0,0,0,0,0,0,0,0,0,0,0,0,0,0
16.91113255,16.1655062,15.20607991,14.2915562,13.43919351,12.62867596,11.85404538,11.11564735,10.41379912,9.748188955,9.11833772,8.523766407,7.963991518,7.438509521,6.946798324,6.488324823,6.06255192,5.668944479,5.306974935,4.976128848,4.675910351,4.405847382,4.165496626,3.954448145,3.772329633,3.618810273,3.493604159,3.396473243,3.327229789,3.285738307,3.271916939,3.285738307,3.327229789,3.396473243,3.493604159,3.618810273,3.772329633,3.954448145,4.165496626,4.405847382,4.675910351,4.976128848,5.306974935,5.668944479,6.06255192,6.488324823,6.946798324,7.438509521,7.963991518,8.523766407,9.11833772,9.748188955,10.41379912,11.11564735,11.85404538,12.62867596,13.43919351,14.2915562,15.20607991,16.1655062,16.91113255,0,0,0,0,0,0,0,0,0,0
12.67447438,11.83228033,10.92960412,10.10959207,9.355998245,8.663386681,8.031927926,7.461595542,6.952154508,6.503364156,6.114990447,5.786807923,5.518608813,5.310211498,5.161467327,5.072266068,5.042539938,5.072266068,5.161467327,5.310211498,5.518608813,5.786807923,6.114990447,6.503364156,6.952154508,7.461595542,8.031927926,8.663386681,9.355998245,10.10959207,10.92960412,11.83228033,12.67447438,0,0,0,0,0,0,0,0,0,0,0,0,0,0,0,0,0,0,0,0,0,0,0,0,0,0,0,0,0,0,0,0,0,0,0,0,0,0
10.60298633,9.746251648,8.923797019,8.208330921,7.589067866,7.065078046,6.636458722,6.303164603,6.065141761,5.92234704,5.874752089,5.92234704,6.065141761,6.303164603,6.636458722,7.065078046,7.589067866,8.208330921,8.923797019,9.746251648,10.60298633,0,0,0,0,0,0,0,0,0,0,0,0,0,0,0,0,0,0,0,0,0,0,0,0,0,0,0,0,0,0,0,0,0,0,0,0,0,0,0,0,0,0,0,0,0,0,0,0,0,0
21.24143962,20.26421326,19.25729076,18.25478277,17.25394571,16.25601273,15.26320938,14.27910858,13.30906581,12.36059896,11.4436211,10.5704248,9.755345558,9.014091458,8.362830397,7.817376673,7.393688121,7.11412926,7.035468033,7.303871352,0,0,0,0,0,0,0,0,0,0,0,0,0,0,0,0,0,0,0,0,0,0,0,0,0,0,0,0,0,0,0,0,0,0,0,0,0,0,0,0,0,0,0,0,0,0,0,0,0,0,0
10.23654212,9.382772319,8.582322087,7.896990294,7.317578253,6.843496632,6.474816297,6.211506534,6.053535161,6.000880598,6.053535161,6.211506534,6.474816297,6.843496632,7.317578253,7.896990294,8.582322087,9.382772319,10.23654212,0,0,0,0,0,0,0,0,0,0,0,0,0,0,0,0,0,0,0,0,0,0,0,0,0,0,0,0,0,0,0,0,0,0,0,0,0,0,0,0,0,0,0,0,0,0,0,0,0,0,0,0
12.00363627,11.15238887,10.2697071,9.475130454,8.753100362,8.100157805,7.516504709,7.002069433,6.556675846,6.180154016,5.872343793,5.633100806,5.46230447,5.359864183,5.325723765,5.359864183,5.46230447,5.633100806,5.872343793,6.180154016,6.556675846,7.002069433,7.516504709,8.100157805,8.753100362,9.475130454,10.2697071,11.15238887,12.00363627,0,0,0,0,0,0,0,0,0,0,0,0,0,0,0,0,0,0,0,0,0,0,0,0,0,0,0,0,0,0,0,0,0,0,0,0,0,0,0,0,0,0
8.08485457,7.739631428,7.706491834,7.862643603,8.1516903,8.554662996,9.061092882,9.661287517,10.3447346,11.10019427,11.91620826,12.78165739,13.68624398,14.62084682,15.57772891,16.55060155,17.53456638,18.52596864,19.52219859,20.52147592,21.52264447,22.52499571,23.52813415,24.531845,25.53623351,26.547518,27.51308037,0,0,0,0,0,0,0,0,0,0,0,0,0,0,0,0,0,0,0,0,0,0,0,0,0,0,0,0,0,0,0,0,0,0,0,0,0,0,0,0,0,0,0,0
13.3282068,12.4974468,11.57903928,10.73873574,9.961093771,9.238337023,8.570458747,7.957529579,7.399278059,6.895398505,6.445590795,6.049556142,5.70700462,5.417664969,5.181292883,4.997678115,4.866650541,4.788085055,4.761905143,4.788085055,4.866650541,4.997678115,5.181292883,5.417664969,5.70700462,6.049556142,6.445590795,6.895398505,7.399278059,7.957529579,8.570458747,9.238337023,9.961093771,10.73873574,11.57903928,12.4974468,13.3282068,0,0,0,0,0,0,0,0,0,0,0,0,0,0,0,0,0,0,0,0,0,0,0,0,0,0,0,0,0,0,0,0,0,0
7.429688188,7.148489427,7.209172463,7.468886058,7.871023808,8.393942338,9.022736671,9.742687668,10.53855941,11.39528985,12.29885226,13.2369383,14.19935791,15.17814808,16.16743839,17.16315278,18.16263608,19.16427023,20.16720646,21.17475917,22.15043693,0,0,0,0,0,0,0,0,0,0,0,0,0,0,0,0,0,0,0,0,0,0,0,0,0,0,0,0,0,0,0,0,0,0,0,0,0,0,0,0,0,0,0,0,0,0,0,0,0,0
12.34124655,11.4941641,10.60087488,9.792800739,9.05386344,8.379669013,7.770417434,7.22605312,6.746368659,6.331158415,5.980224732,5.693382341,5.470467199,5.311343925,5.215911561,5.184107794,5.215911561,5.311343925,5.470467199,5.693382341,5.980224732,6.331158415,6.746368659,7.22605312,7.770417434,8.379669013,9.05386344,9.792800739,10.60087488,11.4941641,12.34124655,0,0,0,0,0,0,0,0,0,0,0,0,0,0,0,0,0,0,0,0,0,0,0,0,0,0,0,0,0,0,0,0,0,0,0,0,0,0,0,0
10.60298633,9.746251648,8.923797019,8.208330921,7.589067866,7.065078046,6.636458722,6.303164603,6.065141761,5.92234704,5.874752089,5.92234704,6.065141761,6.303164603,6.636458722,7.065078046,7.589067866,8.208330921,8.923797019,9.746251648,10.60298633,0,0,0,0,0,0,0,0,0,0,0,0,0,0,0,0,0,0,0,0,0,0,0,0,0,0,0,0,0,0,0,0,0,0,0,0,0,0,0,0,0,0,0,0,0,0,0,0,0,0
22.15043693,21.17475917,20.16720646,19.16427023,18.16263608,17.16315278,16.16743839,15.17814808,14.19935791,13.2369383,12.29885226,11.39528985,10.53855941,9.742687668,9.022736671,8.393942338,7.871023808,7.468886058,7.209172463,7.148489427,7.429688188,0,0,0,0,0,0,0,0,0,0,0,0,0,0,0,0,0,0,0,0,0,0,0,0,0,0,0,0,0,0,0,0,0,0,0,0,0,0,0,0,0,0,0,0,0,0,0,0,0,0
7.429688188,7.148489427,7.209172463,7.468886058,7.871023808,8.393942338,9.022736671,9.742687668,10.53855941,11.39528985,12.29885226,13.2369383,14.19935791,15.17814808,16.16743839,17.16315278,18.16263608,19.16427023,20.16720646,21.17475917,22.15043693,0,0,0,0,0,0,0,0,0,0,0,0,0,0,0,0,0,0,0,0,0,0,0,0,0,0,0,0,0,0,0,0,0,0,0,0,0,0,0,0,0,0,0,0,0,0,0,0,0,0
10.4208271,9.565273206,8.753325414,8.052173644,7.451818121,6.951512176,6.551339297,6.251261601,6.05123666,5.951232781,5.951232781,6.05123666,6.251261601,6.551339297,6.951512176,7.451818121,8.052173644,8.753325414,9.565273206,10.4208271,0,0,0,0,0,0,0,0,0,0,0,0,0,0,0,0,0,0,0,0,0,0,0,0,0,0,0,0,0,0,0,0,0,0,0,0,0,0,0,0,0,0,0,0,0,0,0,0,0,0,0
6.398180505,6.225607868,6.433270106,6.855164226,7.431515165,8.132202139,8.931725968,9.805776948,10.73242171,11.69354765,12.67554192,13.66913382,14.67022139,15.655326,0,0,0,0,0,0,0,0,0,0,0,0,0,0,0,0,0,0,0,0,0,0,0,0,0,0,0,0,0,0,0,0,0,0,0,0,0,0,0,0,0,0,0,0,0,0,0,0,0,0,0,0,0,0,0,0,0
9.667587865,8.823768708,8.065581263,7.439567042,6.938940236,6.563447782,6.31313063,6.187976475,6.187976475,6.31313063,6.563447782,6.938940236,7.439567042,8.065581263,8.823768708,9.667587865,0,0,0,0,0,0,0,0,0,0,0,0,0,0,0,0,0,0,0,0,0,0,0,0,0,0,0,0,0,0,0,0,0,0,0,0,0,0,0,0,0,0,0,0,0,0,0,0,0,0,0,0,0,0,0
7.429688188,7.148489427,7.209172463,7.468886058,7.871023808,8.393942338,9.022736671,9.742687668,10.53855941,11.39528985,12.29885226,13.2369383,14.19935791,15.17814808,16.16743839,17.16315278,18.16263608,19.16427023,20.16720646,21.17475917,22.15043693,0,0,0,0,0,0,0,0,0,0,0,0,0,0,0,0,0,0,0,0,0,0,0,0,0,0,0,0,0,0,0,0,0,0,0,0,0,0,0,0,0,0,0,0,0,0,0,0,0,0
14.43238657,13.62500043,12.68669817,11.81865143,11.01054018,10.25010667,9.536503303,8.870048421,8.250498366,7.677462525,7.150551783,6.669373229,6.233527553,5.842617881,5.496259319,5.194087139,4.935764199,4.720987791,4.549495777,4.421071868,4.335549958,4.292817439,4.292817439,4.335549958,4.421071868,4.549495777,4.720987791,4.935764199,5.194087139,5.496259319,5.842617881,6.233527553,6.669373229,7.150551783,7.677462525,8.250498366,8.870048421,9.536503303,10.25010667,11.01054018,11.81865143,12.68669817,13.62500043,14.43238657,0,0,0,0,0,0,0,0,0,0,0,0,0,0,0,0,0,0,0,0,0,0,0,0,0,0,0
13.16634354,12.33255204,11.41773578,10.58212592,9.809933109,9.093992146,8.434358084,7.831072812,7.283871073,6.792462604,6.356562812,5.975890082,5.650173993,5.37916489,5.162641869,5.000419556,4.89235377,4.838345905,4.838345905,4.89235377,5.000419556,5.162641869,5.37916489,5.650173993,5.975890082,6.356562812,6.792462604,7.283871073,7.831072812,8.434358084,9.093992146,9.809933109,10.58212592,11.41773578,12.33255204,13.16634354,0,0,0,0,0,0,0,0,0,0,0,0,0,0,0,0,0,0,0,0,0,0,0,0,0,0,0,0,0,0,0,0,0,0,0
13.16634354,12.33255204,11.41773578,10.58212592,9.809933109,9.093992146,8.434358084,7.831072812,7.283871073,6.792462604,6.356562812,5.975890082,5.650173993,5.37916489,5.162641869,5.000419556,4.89235377,4.838345905,4.838345905,4.89235377,5.000419556,5.162641869,5.37916489,5.650173993,5.975890082,6.356562812,6.792462604,7.283871073,7.831072812,8.434358084,9.093992146,9.809933109,10.58212592,11.41773578,12.33255204,13.16634354,0,0,0,0,0,0,0,0,0,0,0,0,0,0,0,0,0,0,0,0,0,0,0,0,0,0,0,0,0,0,0,0,0,0,0
9.275879753,8.83042456,8.628936152,8.599319346,8.684099737,8.865748262,9.138083583,9.497286807,9.939380327,10.45960032,11.05236245,11.71141343,12.43004343,13.20131666,14.01829818,14.87426188,15.76286779,16.67830046,17.6153644,18.56953611,19.53697599,20.51450607,21.49956132,22.49012288,23.48464156,24.48195857,25.48122953,26.48185546,27.48342344,28.48565766,29.48838088,30.49148532,31.49491161,32.49863469,33.50265574,34.50699652,35.51170831,36.51689314,37.52242939,38.52972287,39.55212762,40.48725768,0,0,0,0,0,0,0,0,0,0,0,0,0,0,0,0,0,0,0,0,0,0,0,0,0,0,0,0,0
22.15043693,21.17475917,20.16720646,19.16427023,18.16263608,17.16315278,16.16743839,15.17814808,14.19935791,13.2369383,12.29885226,11.39528985,10.53855941,9.742687668,9.022736671,8.393942338,7.871023808,7.468886058,7.209172463,7.148489427,7.429688188,0,0,0,0,0,0,0,0,0,0,0,0,0,0,0,0,0,0,0,0,0,0,0,0,0,0,0,0,0,0,0,0,0,0,0,0,0,0,0,0,0,0,0,0,0,0,0,0,0,0
9.860344999,9.012322882,8.238525946,7.590414328,7.060404419,6.648151626,6.35370549,6.177048175,6.118164267,6.177048175,6.35370549,6.648151626,7.060404419,7.590414328,8.238525946,9.012322882,9.860344999,0,0,0,0,0,0,0,0,0,0,0,0,0,0,0,0,0,0,0,0,0,0,0,0,0,0,0,0,0,0,0,0,0,0,0,0,0,0,0,0,0,0,0,0,0,0,0,0,0,0,0,0,0,0
17.54676144,16.56390646,15.5601146,14.56140716,13.56847155,12.58615691,11.62210055,10.6872957,9.796312618,8.966966965,8.219378431,7.574662616,7.05438821,6.685219547,6.525363801,6.734194861,0,0,0,0,0,0,0,0,0,0,0,0,0,0,0,0,0,0,0,0,0,0,0,0,0,0,0,0,0,0,0,0,0,0,0,0,0,0,0,0,0,0,0,0,0,0,0,0,0,0,0,0,0,0,0
10.51249702,9.997143367,9.637365092,9.432114627,9.32412291,9.294030431,9.336752721,9.45088231,9.63574135,9.890458006,10.21367441,10.60347758,11.05741066,11.57251769,12.14540725,12.77232887,13.4492582,14.17198714,14.93621514,15.73763791,16.57203022,17.43531963,18.32364915,19.23342704,20.16136314,21.10449165,22.06018122,23.02613343,24.00037157,24.98122158,25.96728726,26.95742181,27.95069748,28.94637511,29.94387466,30.94274782,31.94265337,32.94333555,33.94460562,34.94632648,35.94840033,36.95075873,37.95335493,38.95615801,39.95914849,40.96231537,41.96565408,42.969165,43.97285231,44.9767235,45.98078993,46.98506749,47.98957567,48.99433787,49.99938783,51.00477237,52.01053477,53.01674726,54.02363435,55.03115044,56.0385216,57.05339757,58.0936491,58.97408953,0,0,0,0,0,0,0
13.48903229,12.66139954,11.73960736,10.89482565,10.11205712,9.382901262,8.707276318,8.085284198,7.516649505,7.001051819,6.538176195,6.12770757,5.769337377,5.462773513,5.2077489,5.004028849,4.851417473,4.749763031,4.698962034,4.698962034,4.749763031,4.851417473,5.004028849,5.2077489,5.462773513,5.769337377,6.12770757,6.538176195,7.001051819,7.516649505,8.085284198,8.707276318,9.382901262,10.11205712,10.89482565,11.73960736,12.66139954,13.48903229,0,0,0,0,0,0,0,0,0,0,0,0,0,0,0,0,0,0,0,0,0,0,0,0,0,0,0,0,0,0,0,0,0
10.04983853,9.198543681,8.410743398,7.742988346,7.186887964,6.741986279,6.408342816,6.185933585,6.074735398,6.074735398,6.185933585,6.408342816,6.741986279,7.186887964,7.742988346,8.410743398,9.198543681,10.04983853,0,0,0,0,0,0,0,0,0,0,0,0,0,0,0,0,0,0,0,0,0,0,0,0,0,0,0,0,0,0,0,0,0,0,0,0,0,0,0,0,0,0,0,0,0,0,0,0,0,0,0,0,0
48.10173386,47.18783283,46.1579665,45.14820417,44.14182031,43.13564474,42.13005683,41.12493039,40.12016351,39.11571006,38.11153279,37.10760575,36.10391378,35.1004507,34.09722082,33.09424206,32.09155056,31.08920789,30.08731151,29.08600903,28.08551698,27.08614498,26.08832575,25.09265114,24.09991395,23.11115475,22.12771195,21.15127289,20.18392267,19.22818698,18.28706457,17.36404491,16.46310698,15.58869567,14.7456734,13.93924627,13.17486564,12.45810801,11.79453784,11.18955958,10.64826635,10.17529363,9.774688067,9.44980773,9.203296058,9.037263212,8.954091466,8.959166068,9.070452416,9.345835635,9.827479303,0,0,0,0,0,0,0,0,0,0,0,0,0,0,0,0,0,0,0,0
6.888000713,6.662839172,6.800801545,7.145812475,7.640185231,8.258597134,8.981129616,9.788135604,10.66048802,11.58077401,12.5342736,13.50943752,14.49786401,15.49389932,16.49406334,17.49880441,18.48035894,0,0,0,0,0,0,0,0,0,0,0,0,0,0,0,0,0,0,0,0,0,0,0,0,0,0,0,0,0,0,0,0,0,0,0,0,0,0,0,0,0,0,0,0,0,0,0,0,0,0,0,0,0,0
31.89153899,30.9353509,29.9206547,28.91538913,27.91095891,26.90693347,25.90334834,24.90023756,23.89773318,22.89609272,21.89575584,20.89742424,19.90216503,18.91153581,17.9277257,16.95370185,15.9933461,15.05156272,14.13433615,13.24871908,12.40273552,11.60519137,10.86539564,10.19280685,9.596633364,9.085438569,8.666872493,8.347911526,8.136900688,8.05182987,8.149380985,8.535466597,0,0,0,0,0,0,0,0,0,0,0,0,0,0,0,0,0,0,0,0,0,0,0,0,0,0,0,0,0,0,0,0,0,0,0,0,0,0,0
10.78325174,9.925866935,9.093764843,8.365284297,7.728877831,7.183405078,6.728978024,6.365544003,6.09303639,5.911399277,5.82059158,5.82059158,5.911399277,6.09303639,6.365544003,6.728978024,7.183405078,7.728877831,8.365284297,9.093764843,9.925866935,10.78325174,0,0,0,0,0,0,0,0,0,0,0,0,0,0,0,0,0,0,0,0,0,0,0,0,0,0,0,0,0,0,0,0,0,0,0,0,0,0,0,0,0,0,0,0,0,0,0,0,0
39.63513129,38.69776677,37.6761726,36.6691104,35.66367688,34.65860272,33.65398936,32.64974094,31.64581231,30.64218821,29.63887752,28.63592079,27.63340142,26.63146412,25.63034139,24.63038963,23.63213593,22.63633618,21.64404399,20.65668849,19.67615732,18.70487926,17.74589933,16.80293757,15.88042252,14.98349064,14.1179444,13.29016469,12.5069768,11.77547316,11.10280089,10.4959259,9.961389381,9.505079358,9.132060455,8.846586079,8.65269836,8.556716985,8.576161424,8.768433703,9.208997048,0,0,0,0,0,0,0,0,0,0,0,0,0,0,0,0,0,0,0,0,0,0,0,0,0,0,0,0,0,0
7.882911299,7.55690782,7.552705432,7.740796058,8.064814003,8.50514145,9.050122632,9.688646892,10.40879601,11.19810874,12.04420461,12.93540323,13.86121638,14.81266537,15.78241598,16.76475074,17.75541794,18.75140479,19.75068133,20.75195301,21.75445029,22.75774077,23.7617496,24.77176169,25.7408406,0,0,0,0,0,0,0,0,0,0,0,0,0,0,0,0,0,0,0,0,0,0,0,0,0,0,0,0,0,0,0,0,0,0,0,0,0,0,0,0,0,0,0,0,0,0
23.05451714,22.08043111,21.07226318,20.06898706,19.06676349,18.06615876,17.06834473,16.07528498,15.09006274,14.11722361,13.16309287,12.23599585,11.34630694,10.50626665,9.729538079,9.030526467,8.423574796,7.922389984,7.54093212,7.300222756,7.256755833,7.550058854,0,0,0,0,0,0,0,0,0,0,0,0,0,0,0,0,0,0,0,0,0,0,0,0,0,0,0,0,0,0,0,0,0,0,0,0,0,0,0,0,0,0,0,0,0,0,0,0,0
15.33926787,14.5535451,13.60411238,12.71720082,11.89025586,11.10740321,10.36644462,9.66787879,9.011595421,8.397176749,7.824182064,7.292171208,6.8006909,6.349277724,5.937467321,5.564802821,5.230842195,4.935165184,4.677379905,4.457129006,4.274095241,4.128006394,4.018639483,3.945824201,3.909445536,3.909445536,3.945824201,4.018639483,4.128006394,4.274095241,4.457129006,4.677379905,4.935165184,5.230842195,5.564802821,5.937467321,6.349277724,6.8006909,7.292171208,7.824182064,8.397176749,9.011595421,9.66787879,10.36644462,11.10740321,11.89025586,12.71720082,13.60411238,14.5535451,15.33926787,0,0,0,0,0,0,0,0,0,0,0,0,0,0,0,0,0,0,0,0,0
11.31434531,10.45762784,9.600752031,8.839458284,8.160137163,7.560839879,7.041724727,6.602720735,6.243717204,5.964613388,5.765322016,5.645775601,5.605931631,5.645775601,5.765322016,5.964613388,6.243717204,6.602720735,7.041724727,7.560839879,8.160137163,8.839458284,9.600752031,10.45762784,11.31434531,0,0,0,0,0,0,0,0,0,0,0,0,0,0,0,0,0,0,0,0,0,0,0,0,0,0,0,0,0,0,0,0,0,0,0,0,0,0,0,0,0,0,0,0,0,0
8.273512805,7.910816878,7.850666219,7.977007941,8.233357637,8.60123011,9.071130256,9.634578555,10.2823122,11.00422929,11.78979339,12.62852476,13.51045588,14.42649763,15.36869083,16.33033584,17.30600962,18.29149084,19.28362078,20.28012916,21.27945093,22.28055431,23.28279301,24.28578939,25.28935518,26.29338762,27.29812855,28.31073682,29.27264745,0,0,0,0,0,0,0,0,0,0,0,0,0,0,0,0,0,0,0,0,0,0,0,0,0,0,0,0,0,0,0,0,0,0,0,0,0,0,0,0,0,0
13.96531857,13.14754241,12.21673283,11.35963202,10.56316036,9.816995563,9.120743838,8.474612095,7.87832831,7.331532613,6.833869894,6.384981916,5.984510031,5.632105092,5.327436635,5.070200773,4.860127325,4.696986139,4.58059245,4.51081116,4.487559948,4.51081116,4.58059245,4.696986139,4.860127325,5.070200773,5.327436635,5.632105092,5.984510031,6.384981916,6.833869894,7.331532613,7.87832831,8.474612095,9.120743838,9.816995563,10.56316036,11.35963202,12.21673283,13.14754241,13.96531857,0,0,0,0,0,0,0,0,0,0,0,0,0,0,0,0,0,0,0,0,0,0,0,0,0,0,0,0,0,0
10.10334519,9.606582446,9.296055312,9.14578407,9.097920373,9.134047469,9.248981306,9.440823214,9.708145404,10.04912616,10.46131557,10.94161639,11.48634164,12.09130549,12.75193237,13.46337613,14.22064305,15.01871266,15.85265084,16.71771055,17.60941653,18.52363141,19.4566023,20.40498786,21.36586726,22.33673315,23.31547154,24.30033177,25.28988975,26.28300758,27.27879215,28.276555,29.27577489,30.27606439,31.27714084,32.27880205,33.28090637,34.28335692,35.28608945,36.28906322,37.29225443,38.2956514,39.29925147,40.30305941,41.30708655,42.31134986,43.31587313,44.32069164,45.32584863,46.33139671,47.3374769,48.34418987,49.3509818,50.36247169,51.39646387,52.2978195,0,0,0,0,0,0,0,0,0,0,0,0,0,0,0
12.34124655,11.4941641,10.60087488,9.792800739,9.05386344,8.379669013,7.770417434,7.22605312,6.746368659,6.331158415,5.980224732,5.693382341,5.470467199,5.311343925,5.215911561,5.184107794,5.215911561,5.311343925,5.470467199,5.693382341,5.980224732,6.331158415,6.746368659,7.22605312,7.770417434,8.379669013,9.05386344,9.792800739,10.60087488,11.4941641,12.34124655,0,0,0,0,0,0,0,0,0,0,0,0,0,0,0,0,0,0,0,0,0,0,0,0,0,0,0,0,0,0,0,0,0,0,0,0,0,0,0,0
18.11625413,17.40192602,16.44169017,15.5091806,14.64041992,13.81442891,13.02156617,12.26133318,11.53438452,10.84064875,10.1796869,9.551012494,8.954147336,8.388600891,7.853859201,7.349387727,6.874637811,6.429052297,6.012070232,5.623131307,5.26168033,4.927171694,4.619073761,4.336873103,4.080078572,3.848225178,3.640877746,3.457634323,3.298129328,3.162036401,3.049070947,2.958992348,2.891605831,2.846763981,2.824367881,2.824367881,2.846763981,2.891605831,2.958992348,3.049070947,3.162036401,3.298129328,3.457634323,3.640877746,3.848225178,4.080078572,4.336873103,4.619073761,4.927171694,5.26168033,5.623131307,6.012070232,6.429052297,6.874637811,7.349387727,7.853859201,8.388600891,8.954147336,9.551012494,10.1796869,10.84064875,11.53438452,12.26133318,13.02156617,13.81442891,14.64041992,15.5091806,16.44169017,17.40192602,18.11625413,0
25.7408406,24.77176169,23.7617496,22.75774077,21.75445029,20.75195301,19.75068133,18.75140479,17.75541794,16.76475074,15.78241598,14.81266537,13.86121638,12.93540323,12.04420461,11.19810874,10.40879601,9.688646892,9.050122632,8.50514145,8.064814003,7.740796058,7.552705432,7.55690782,7.882911299,0,0,0,0,0,0,0,0,0,0,0,0,0,0,0,0,0,0,0,0,0,0,0,0,0,0,0,0,0,0,0,0,0,0,0,0,0,0,0,0,0,0,0,0,0,0
10.10334519,9.606582446,9.296055312,9.14578407,9.097920373,9.134047469,9.248981306,9.440823214,9.708145404,10.04912616,10.46131557,10.94161639,11.48634164,12.09130549,12.75193237,13.46337613,14.22064305,15.01871266,15.85265084,16.71771055,17.60941653,18.52363141,19.4566023,20.40498786,21.36586726,22.33673315,23.31547154,24.30033177,25.28988975,26.28300758,27.27879215,28.276555,29.27577489,30.27606439,31.27714084,32.27880205,33.28090637,34.28335692,35.28608945,36.28906322,37.29225443,38.2956514,39.29925147,40.30305941,41.30708655,42.31134986,43.31587313,44.32069164,45.32584863,46.33139671,47.3374769,48.34418987,49.3509818,50.36247169,51.39646387,52.2978195,0,0,0,0,0,0,0,0,0,0,0,0,0,0,0
37.06984678,36.12594415,35.10673786,34.10032674,33.09521077,32.09047048,31.0861596,30.08220557,29.07858822,28.07532494,27.07247628,26.07016349,25.068595,24.0681044,23.06920161,22.07263787,21.07948462,20.09122405,19.10984707,18.13795191,17.17883402,16.23655651,15.31598899,14.42280402,13.56342172,12.74489777,11.9747542,11.26075883,10.6106647,10.03192667,9.531420496,9.115209476,8.788480919,8.556050792,8.424738787,8.412097247,8.575293198,8.99992237,0,0,0,0,0,0,0,0,0,0,0,0,0,0,0,0,0,0,0,0,0,0,0,0,0,0,0,0,0,0,0,0,0
8.45069891,8.072063788,7.986596308,8.085000618,8.310666931,8.64546624,9.08070596,9.608946249,10.22203184,10.91090901,11.66593669,12.47731246,13.33549201,14.23154975,15.15745255,16.1062336,17.07206667,18.05025211,19.03713352,20.02996802,21.02677304,22.0261696,23.02723687,24.02938762,25.03226893,26.03568898,27.03957579,28.04388041,29.04896946,30.06295619,31.0210839,0,0,0,0,0,0,0,0,0,0,0,0,0,0,0,0,0,0,0,0,0,0,0,0,0,0,0,0,0,0,0,0,0,0,0,0,0,0,0,0
18.48035894,17.49880441,16.49406334,15.49389932,14.49786401,13.50943752,12.5342736,11.58077401,10.66048802,9.788135604,8.981129616,8.258597134,7.640185231,7.145812475,6.800801545,6.662839172,6.888000713,0,0,0,0,0,0,0,0,0,0,0,0,0,0,0,0,0,0,0,0,0,0,0,0,0,0,0,0,0,0,0,0,0,0,0,0,0,0,0,0,0,0,0,0,0,0,0,0,0,0,0,0,0,0
10.10334519,9.606582446,9.296055312,9.14578407,9.097920373,9.134047469,9.248981306,9.440823214,9.708145404,10.04912616,10.46131557,10.94161639,11.48634164,12.09130549,12.75193237,13.46337613,14.22064305,15.01871266,15.85265084,16.71771055,17.60941653,18.52363141,19.4566023,20.40498786,21.36586726,22.33673315,23.31547154,24.30033177,25.28988975,26.28300758,27.27879215,28.276555,29.27577489,30.27606439,31.27714084,32.27880205,33.28090637,34.28335692,35.28608945,36.28906322,37.29225443,38.2956514,39.29925147,40.30305941,41.30708655,42.31134986,43.31587313,44.32069164,45.32584863,46.33139671,47.3374769,48.34418987,49.3509818,50.36247169,51.39646387,52.2978195,0,0,0,0,0,0,0,0,0,0,0,0,0,0,0
21.24143962,20.26421326,19.25729076,18.25478277,17.25394571,16.25601273,15.26320938,14.27910858,13.30906581,12.36059896,11.4436211,10.5704248,9.755345558,9.014091458,8.362830397,7.817376673,7.393688121,7.11412926,7.035468033,7.303871352,0,0,0,0,0,0,0,0,0,0,0,0,0,0,0,0,0,0,0,0,0,0,0,0,0,0,0,0,0,0,0,0,0,0,0,0,0,0,0,0,0,0,0,0,0,0,0,0,0,0,0
7.033686647,6.7932198,6.910428072,7.232534341,7.702248455,8.295390519,8.993513492,9.77834291,10.63175406,11.53684102,12.47889545,13.44598248,14.42907114,15.42179905,16.4200043,17.42120314,18.42674945,19.40692282,0,0,0,0,0,0,0,0,0,0,0,0,0,0,0,0,0,0,0,0,0,0,0,0,0,0,0,0,0,0,0,0,0,0,0,0,0,0,0,0,0,0,0,0,0,0,0,0,0,0,0,0,0
24.84939967,23.87861491,22.86922306,21.86542713,20.86241253,19.86037694,18.85992672,17.8621198,16.86869316,15.88231744,14.90687838,13.94774453,13.0119711,12.1083844,11.24749717,10.4412236,9.702392832,9.044103113,8.479038059,8.019105987,7.676652592,7.471697736,7.460621744,7.776280258,0,0,0,0,0,0,0,0,0,0,0,0,0,0,0,0,0,0,0,0,0,0,0,0,0,0,0,0,0,0,0,0,0,0,0,0,0,0,0,0,0,0,0,0,0,0,0
11.48853599,10.63276371,9.768769263,8.998210231,8.306890343,7.692529816,7.155301327,6.695130412,6.31189028,6.005463554,5.775745524,5.622650705,5.546118849,5.546118849,5.622650705,5.775745524,6.005463554,6.31189028,6.695130412,7.155301327,7.692529816,8.306890343,8.998210231,9.768769263,10.63276371,11.48853599,0,0,0,0,0,0,0,0,0,0,0,0,0,0,0,0,0,0,0,0,0,0,0,0,0,0,0,0,0,0,0,0,0,0,0,0,0,0,0,0,0,0,0,0,0
11.13879991,10.2814719,9.432240843,8.680977645,8.014714934,7.431803792,6.932387191,6.516399229,6.183744733,5.934338857,5.768110881,5.685010094,5.685010094,5.768110881,5.934338857,6.183744733,6.516399229,6.932387191,7.431803792,8.014714934,8.680977645,9.432240843,10.2814719,11.13879991,0,0,0,0,0,0,0,0,0,0,0,0,0,0,0,0,0,0,0,0,0,0,0,0,0,0,0,0,0,0,0,0,0,0,0,0,0,0,0,0,0,0,0,0,0,0,0
10.78325174,9.925866935,9.093764843,8.365284297,7.728877831,7.183405078,6.728978024,6.365544003,6.09303639,5.911399277,5.82059158,5.82059158,5.911399277,6.09303639,6.365544003,6.728978024,7.183405078,7.728877831,8.365284297,9.093764843,9.925866935,10.78325174,0,0,0,0,0,0,0,0,0,0,0,0,0,0,0,0,0,0,0,0,0,0,0,0,0,0,0,0,0,0,0,0,0,0,0,0,0,0,0,0,0,0,0,0,0,0,0,0,0
21.24143962,20.26421326,19.25729076,18.25478277,17.25394571,16.25601273,15.26320938,14.27910858,13.30906581,12.36059896,11.4436211,10.5704248,9.755345558,9.014091458,8.362830397,7.817376673,7.393688121,7.11412926,7.035468033,7.303871352,0,0,0,0,0,0,0,0,0,0,0,0,0,0,0,0,0,0,0,0,0,0,0,0,0,0,0,0,0,0,0,0,0,0,0,0,0,0,0,0,0,0,0,0,0,0,0,0,0,0,0
7.776280258,7.460621744,7.471697736,7.676652592,8.019105987,8.479038059,9.044103113,9.702392832,10.4412236,11.24749717,12.1083844,13.0119711,13.94774453,14.90687838,15.88231744,16.86869316,17.8621198,18.85992672,19.86037694,20.86241253,21.86542713,22.86922306,23.87861491,24.84939967,0,0,0,0,0,0,0,0,0,0,0,0,0,0,0,0,0,0,0,0,0,0,0,0,0,0,0,0,0,0,0,0,0,0,0,0,0,0,0,0,0,0,0,0,0,0,0
10.23654212,9.382772319,8.582322087,7.896990294,7.317578253,6.843496632,6.474816297,6.211506534,6.053535161,6.000880598,6.053535161,6.211506534,6.474816297,6.843496632,7.317578253,7.896990294,8.582322087,9.382772319,10.23654212,0,0,0,0,0,0,0,0,0,0,0,0,0,0,0,0,0,0,0,0,0,0,0,0,0,0,0,0,0,0,0,0,0,0,0,0,0,0,0,0,0,0,0,0,0,0,0,0,0,0,0,0
12.00363627,11.15238887,10.2697071,9.475130454,8.753100362,8.100157805,7.516504709,7.002069433,6.556675846,6.180154016,5.872343793,5.633100806,5.46230447,5.359864183,5.325723765,5.359864183,5.46230447,5.633100806,5.872343793,6.180154016,6.556675846,7.002069433,7.516504709,8.100157805,8.753100362,9.475130454,10.2697071,11.15238887,12.00363627,0,0,0,0,0,0,0,0,0,0,0,0,0,0,0,0,0,0,0,0,0,0,0,0,0,0,0,0,0,0,0,0,0,0,0,0,0,0,0,0,0,0
11.661445,10.80691876,9.9362792,9.157132955,8.454759118,7.826515667,7.272587945,6.792899975,6.387308534,6.05567906,5.797888737,5.613833101,5.503432794,5.466638301,5.503432794,5.613833101,5.797888737,6.05567906,6.387308534,6.792899975,7.272587945,7.826515667,8.454759118,9.157132955,9.9362792,10.80691876,11.661445,0,0,0,0,0,0,0,0,0,0,0,0,0,0,0,0,0,0,0,0,0,0,0,0,0,0,0,0,0,0,0,0,0,0,0,0,0,0,0,0,0,0,0,0
16.06791599,15.30053351,14.34510328,13.44472964,12.60517621,11.80810958,11.04979155,10.33075406,9.651063113,9.010322048,8.408062915,7.843822535,7.317125622,6.827479636,6.374381824,5.957327616,5.575817773,5.229364887,4.917499687,4.639777146,4.39578225,4.185135352,4.007497035,3.862572455,3.750115091,3.669929884,3.621875713,3.605867184,3.621875713,3.669929884,3.750115091,3.862572455,4.007497035,4.185135352,4.39578225,4.639777146,4.917499687,5.229364887,5.575817773,5.957327616,6.374381824,6.827479636,7.317125622,7.843822535,8.408062915,9.010322048,9.651063113,10.33075406,11.04979155,11.80810958,12.60517621,13.44472964,14.34510328,15.30053351,16.06791599,0,0,0,0,0,0,0,0,0,0,0,0,0,0,0,0
35.35144671,34.40332848,33.38566972,32.37966077,31.37476453,30.37025093,29.36615396,28.36242328,27.35906629,26.35614199,25.35377721,24.35219689,23.35176749,22.35305605,21.3569058,20.36452752,19.37760405,18.39840191,17.42988126,16.47579255,15.54074611,14.63024065,13.75063805,12.90907504,12.1133081,11.37149415,10.69191741,10.08267982,9.55138174,9.104840236,8.748965995,8.489192189,8.332756708,8.297294165,8.439806724,8.852660261,0,0,0,0,0,0,0,0,0,0,0,0,0,0,0,0,0,0,0,0,0,0,0,0,0,0,0,0,0,0,0,0,0,0,0
10.4208271,9.565273206,8.753325414,8.052173644,7.451818121,6.951512176,6.551339297,6.251261601,6.05123666,5.951232781,5.951232781,6.05123666,6.251261601,6.551339297,6.951512176,7.451818121,8.052173644,8.753325414,9.565273206,10.4208271,0,0,0,0,0,0,0,0,0,0,0,0,0,0,0,0,0,0,0,0,0,0,0,0,0,0,0,0,0,0,0,0,0,0,0,0,0,0,0,0,0,0,0,0,0,0,0,0,0,0,0
12.50839944,11.66367971,10.76555566,9.951337371,9.204817063,8.521092283,7.900352304,7.342554435,6.847476879,6.414896343,6.044596772,5.736372625,5.490037915,5.305434198,5.182436885,5.120960117,5.120960117,5.182436885,5.305434198,5.490037915,5.736372625,6.044596772,6.414896343,6.847476879,7.342554435,7.900352304,8.521092283,9.204817063,9.951337371,10.76555566,11.66367971,12.50839944,0,0,0,0,0,0,0,0,0,0,0,0,0,0,0,0,0,0,0,0,0,0,0,0,0,0,0,0,0,0,0,0,0,0,0,0,0,0,0
8.927141958,8.50827776,8.355285616,8.379185674,8.522893004,8.768820869,9.109950034,9.541167141,10.05693414,10.65082017,11.31559388,12.0434803,12.82646068,13.65656908,14.52615984,15.42812827,16.35607388,17.30440156,18.26836283,19.24404399,20.2283123,21.21873255,22.21346688,23.21116933,24.21088416,25.21195434,26.21394399,27.21657589,28.21968385,29.22317868,30.22702497,31.23123074,32.23585837,33.24086533,34.24707243,35.26550001,36.21152511,0,0,0,0,0,0,0,0,0,0,0,0,0,0,0,0,0,0,0,0,0,0,0,0,0,0,0,0,0,0,0,0,0,0
61.46802375,60.59563035,59.55320547,58.53684998,57.52927304,56.52148422,55.51428796,54.50782751,53.50184446,52.49625211,51.49100998,50.48606829,49.48138887,48.47694655,47.47272054,46.46869278,45.46484947,44.4611808,43.45767969,42.45434157,41.45116505,40.4481528,39.44531238,38.44265767,37.44021102,36.43800652,35.43609434,34.43454635,33.43346355,32.43298536,31.43330139,30.43466573,29.43741397,28.44198307,27.44893373,26.45897532,25.4729924,24.49207226,23.51753231,22.55094577,21.59416433,20.64933579,19.71891509,18.80566694,17.91265845,17.04324076,16.20101884,15.38980929,14.61358676,13.87641996,13.18239921,12.53555784,11.93979018,11.39876948,10.91586872,10.49408785,10.13599035,9.843652645,9.618631964,9.461967702,9.374264135,9.355997794,9.408455309,9.536737857,9.760612717,10.13694759,10.65780603,0,0,0,0
11.31434531,10.45762784,9.600752031,8.839458284,8.160137163,7.560839879,7.041724727,6.602720735,6.243717204,5.964613388,5.765322016,5.645775601,5.605931631,5.645775601,5.765322016,5.964613388,6.243717204,6.602720735,7.041724727,7.560839879,8.160137163,8.839458284,9.600752031,10.45762784,11.31434531,0,0,0,0,0,0,0,0,0,0,0,0,0,0,0,0,0,0,0,0,0,0,0,0,0,0,0,0,0,0,0,0,0,0,0,0,0,0,0,0,0,0,0,0,0,0
27.51308037,26.547518,25.53623351,24.531845,23.52813415,22.52499571,21.52264447,20.52147592,19.52219859,18.52596864,17.53456638,16.55060155,15.57772891,14.62084682,13.68624398,12.78165739,11.91620826,11.10019427,10.3447346,9.661287517,9.061092882,8.554662996,8.1516903,7.862643603,7.706491834,7.739631428,8.08485457,0,0,0,0,0,0,0,0,0,0,0,0,0,0,0,0,0,0,0,0,0,0,0,0,0,0,0,0,0,0,0,0,0,0,0,0,0,0,0,0,0,0,0,0
15.04096959,14.2479455,13.30170374,12.42070317,11.59949784,10.82335777,10.09059943,9.401673271,8.756413698,8.154406216,7.595225022,7.078442863,6.603620677,6.170313084,5.778077911,5.426484566,5.115121467,4.843603049,4.611576345,4.418726985,4.26478451,4.149526912,4.072784359,4.03444203,4.03444203,4.072784359,4.149526912,4.26478451,4.418726985,4.611576345,4.843603049,5.115121467,5.426484566,5.778077911,6.170313084,6.603620677,7.078442863,7.595225022,8.154406216,8.756413698,9.401673271,10.09059943,10.82335777,11.59949784,12.42070317,13.30170374,14.2479455,15.04096959,0,0,0,0,0,0,0,0,0,0,0,0,0,0,0,0,0,0,0,0,0,0,0
12.83948396,11.99996267,11.09299793,10.26750874,9.507304992,8.806394215,8.16491908,7.582872735,7.060008357,6.596068265,6.190800956,5.843961572,5.5553209,5.324674268,5.151848793,5.036709351,4.979163212,4.979163212,5.036709351,5.151848793,5.324674268,5.5553209,5.843961572,6.190800956,6.596068265,7.060008357,7.582872735,8.16491908,8.806394215,9.507304992,10.26750874,11.09299793,11.99996267,12.83948396,0,0,0,0,0,0,0,0,0,0,0,0,0,0,0,0,0,0,0,0,0,0,0,0,0,0,0,0,0,0,0,0,0,0,0,0,0
10.78325174,9.925866935,9.093764843,8.365284297,7.728877831,7.183405078,6.728978024,6.365544003,6.09303639,5.911399277,5.82059158,5.82059158,5.911399277,6.09303639,6.365544003,6.728978024,7.183405078,7.728877831,8.365284297,9.093764843,9.925866935,10.78325174,0,0,0,0,0,0,0,0,0,0,0,0,0,0,0,0,0,0,0,0,0,0,0,0,0,0,0,0,0,0,0,0,0,0,0,0,0,0,0,0,0,0,0,0,0,0,0,0,0
34.48951599,33.53933444,32.52243388,31.51661766,30.51183404,29.50743649,28.50345349,27.49984924,26.49665099,25.49394882,24.49191905,23.49086342,22.4912638,21.49385485,20.4997143,19.51036914,18.5279125,17.55512285,16.5955738,15.65372004,14.73494393,13.84554811,12.99268238,12.18419895,11.42843668,10.73394349,10.10915433,9.562052012,9.09985922,8.728882596,8.454899401,8.285387184,8.238043204,8.369787004,8.776371558,0,0,0,0,0,0,0,0,0,0,0,0,0,0,0,0,0,0,0,0,0,0,0,0,0,0,0,0,0,0,0,0,0,0,0,0
10.04983853,9.198543681,8.410743398,7.742988346,7.186887964,6.741986279,6.408342816,6.185933585,6.074735398,6.074735398,6.185933585,6.408342816,6.741986279,7.186887964,7.742988346,8.410743398,9.198543681,10.04983853,0,0,0,0,0,0,0,0,0,0,0,0,0,0,0,0,0,0,0,0,0,0,0,0,0,0,0,0,0,0,0,0,0,0,0,0,0,0,0,0,0,0,0,0,0,0,0,0,0,0,0,0,0
35.35144671,34.40332848,33.38566972,32.37966077,31.37476453,30.37025093,29.36615396,28.36242328,27.35906629,26.35614199,25.35377721,24.35219689,23.35176749,22.35305605,21.3569058,20.36452752,19.37760405,18.39840191,17.42988126,16.47579255,15.54074611,14.63024065,13.75063805,12.90907504,12.1133081,11.37149415,10.69191741,10.08267982,9.55138174,9.104840236,8.748965995,8.489192189,8.332756708,8.297294165,8.439806724,8.852660261,0,0,0,0,0,0,0,0,0,0,0,0,0,0,0,0,0,0,0,0,0,0,0,0,0,0,0,0,0,0,0,0,0,0,0
6.734194861,6.525363801,6.685219547,7.05438821,7.574662616,8.219378431,8.966966965,9.796312618,10.6872957,11.62210055,12.58615691,13.56847155,14.56140716,15.5601146,16.56390646,17.54676144,0,0,0,0,0,0,0,0,0,0,0,0,0,0,0,0,0,0,0,0,0,0,0,0,0,0,0,0,0,0,0,0,0,0,0,0,0,0,0,0,0,0,0,0,0,0,0,0,0,0,0,0,0,0,0
34.48951599,33.53933444,32.52243388,31.51661766,30.51183404,29.50743649,28.50345349,27.49984924,26.49665099,25.49394882,24.49191905,23.49086342,22.4912638,21.49385485,20.4997143,19.51036914,18.5279125,17.55512285,16.5955738,15.65372004,14.73494393,13.84554811,12.99268238,12.18419895,11.42843668,10.73394349,10.10915433,9.562052012,9.09985922,8.728882596,8.454899401,8.285387184,8.238043204,8.369787004,8.776371558,0,0,0,0,0,0,0,0,0,0,0,0,0,0,0,0,0,0,0,0,0,0,0,0,0,0,0,0,0,0,0,0,0,0,0,0
9.860344999,9.012322882,8.238525946,7.590414328,7.060404419,6.648151626,6.35370549,6.177048175,6.118164267,6.177048175,6.35370549,6.648151626,7.060404419,7.590414328,8.238525946,9.012322882,9.860344999,0,0,0,0,0,0,0,0,0,0,0,0,0,0,0,0,0,0,0,0,0,0,0,0,0,0,0,0,0,0,0,0,0,0,0,0,0,0,0,0,0,0,0,0,0,0,0,0,0,0,0,0,0,0
10.78325174,9.925866935,9.093764843,8.365284297,7.728877831,7.183405078,6.728978024,6.365544003,6.09303639,5.911399277,5.82059158,5.82059158,5.911399277,6.09303639,6.365544003,6.728978024,7.183405078,7.728877831,8.365284297,9.093764843,9.925866935,10.78325174,0,0,0,0,0,0,0,0,0,0,0,0,0,0,0,0,0,0,0,0,0,0,0,0,0,0,0,0,0,0,0,0,0,0,0,0,0,0,0,0,0,0,0,0,0,0,0,0,0
11.661445,10.80691876,9.9362792,9.157132955,8.454759118,7.826515667,7.272587945,6.792899975,6.387308534,6.05567906,5.797888737,5.613833101,5.503432794,5.466638301,5.503432794,5.613833101,5.797888737,6.05567906,6.387308534,6.792899975,7.272587945,7.826515667,8.454759118,9.157132955,9.9362792,10.80691876,11.661445,0,0,0,0,0,0,0,0,0,0,0,0,0,0,0,0,0,0,0,0,0,0,0,0,0,0,0,0,0,0,0,0,0,0,0,0,0,0,0,0,0,0,0,0
32.75967768,31.80546076,30.79004209,29.78459698,28.78004574,27.77589064,26.77216012,25.76885909,24.76607462,23.76399222,22.76293901,21.76344734,20.76633938,19.77283294,18.78466523,17.80422794,16.83470221,15.8801784,14.9457424,14.03750977,13.16259068,12.32897385,11.5453254,10.82070792,10.16423614,9.584697293,9.090186537,8.687878545,8.384319863,8.187539089,8.115409268,8.224688781,8.617904752,0,0,0,0,0,0,0,0,0,0,0,0,0,0,0,0,0,0,0,0,0,0,0,0,0,0,0,0,0,0,0,0,0,0,0,0,0,0
8.852660261,8.439806724,8.297294165,8.332756708,8.489192189,8.748965995,9.104840236,9.55138174,10.08267982,10.69191741,11.37149415,12.1133081,12.90907504,13.75063805,14.63024065,15.54074611,16.47579255,17.42988126,18.39840191,19.37760405,20.36452752,21.3569058,22.35305605,23.35176749,24.35219689,25.35377721,26.35614199,27.35906629,28.36242328,29.36615396,30.37025093,31.37476453,32.37966077,33.38566972,34.40332848,35.35144671,0,0,0,0,0,0,0,0,0,0,0,0,0,0,0,0,0,0,0,0,0,0,0,0,0,0,0,0,0,0,0,0,0,0,0
37.06984678,36.12594415,35.10673786,34.10032674,33.09521077,32.09047048,31.0861596,30.08220557,29.07858822,28.07532494,27.07247628,26.07016349,25.068595,24.0681044,23.06920161,22.07263787,21.07948462,20.09122405,19.10984707,18.13795191,17.17883402,16.23655651,15.31598899,14.42280402,13.56342172,12.74489777,11.9747542,11.26075883,10.6106647,10.03192667,9.531420496,9.115209476,8.788480919,8.556050792,8.424738787,8.412097247,8.575293198,8.99992237,0,0,0,0,0,0,0,0,0,0,0,0,0,0,0,0,0,0,0,0,0,0,0,0,0,0,0,0,0,0,0,0,0
9.469117791,9.010120371,8.782281013,8.723568247,8.7763166,8.922915988,9.157530681,9.476924141,9.877854157,10.3563733,10.90773618,11.52650134,12.2067,12.94202967,13.72605331,14.55239032,15.41488872,16.30776984,17.22573992,18.16406575,19.1186148,20.08586264,21.06287256,22.04725364,23.0371039,24.03094513,25.0276551,26.02640184,27.02658339,28.02777506,29.02968528,30.03211997,31.0349549,32.03811516,33.04156052,34.04527539,35.04926324,36.05354448,37.05815352,38.06315781,39.06867407,40.07450873,41.08254366,42.1074125,43.03568226,0,0,0,0,0,0,0,0,0,0,0,0,0,0,0,0,0,0,0,0,0,0,0,0,0,0
16.21077176,15.44704659,14.49072496,13.58785438,12.74601843,11.94647398,11.18513685,10.46252685,9.778750113,9.13341955,8.526063595,7.956215695,7.42339807,6.927114759,6.466857959,6.042116369,5.652382302,5.297158087,4.975962272,4.68833567,4.433847104,4.212098776,4.022731193,3.8654276,3.739917874,3.645981839,3.583451962,3.552215407,3.552215407,3.583451962,3.645981839,3.739917874,3.8654276,4.022731193,4.212098776,4.433847104,4.68833567,4.975962272,5.297158087,5.652382302,6.042116369,6.466857959,6.927114759,7.42339807,7.956215695,8.526063595,9.13341955,9.778750113,10.46252685,11.18513685,11.94647398,12.74601843,13.58785438,14.49072496,15.44704659,16.21077176,0,0,0,0,0,0,0,0,0,0,0,0,0,0,0
11.13879991,10.2814719,9.432240843,8.680977645,8.014714934,7.431803792,6.932387191,6.516399229,6.183744733,5.934338857,5.768110881,5.685010094,5.685010094,5.768110881,5.934338857,6.183744733,6.516399229,6.932387191,7.431803792,8.014714934,8.680977645,9.432240843,10.2814719,11.13879991,0,0,0,0,0,0,0,0,0,0,0,0,0,0,0,0,0,0,0,0,0,0,0,0,0,0,0,0,0,0,0,0,0,0,0,0,0,0,0,0,0,0,0,0,0,0,0
9.860344999,9.012322882,8.238525946,7.590414328,7.060404419,6.648151626,6.35370549,6.177048175,6.118164267,6.177048175,6.35370549,6.648151626,7.060404419,7.590414328,8.238525946,9.012322882,9.860344999,0,0,0,0,0,0,0,0,0,0,0,0,0,0,0,0,0,0,0,0,0,0,0,0,0,0,0,0,0,0,0,0,0,0,0,0,0,0,0,0,0,0,0,0,0,0,0,0,0,0,0,0,0,0
7.776280258,7.460621744,7.471697736,7.676652592,8.019105987,8.479038059,9.044103113,9.702392832,10.4412236,11.24749717,12.1083844,13.0119711,13.94774453,14.90687838,15.88231744,16.86869316,17.8621198,18.85992672,19.86037694,20.86241253,21.86542713,22.86922306,23.87861491,24.84939967,0,0,0,0,0,0,0,0,0,0,0,0,0,0,0,0,0,0,0,0,0,0,0,0,0,0,0,0,0,0,0,0,0,0,0,0,0,0,0,0,0,0,0,0,0,0,0
31.89153899,30.9353509,29.9206547,28.91538913,27.91095891,26.90693347,25.90334834,24.90023756,23.89773318,22.89609272,21.89575584,20.89742424,19.90216503,18.91153581,17.9277257,16.95370185,15.9933461,15.05156272,14.13433615,13.24871908,12.40273552,11.60519137,10.86539564,10.19280685,9.596633364,9.085438569,8.666872493,8.347911526,8.136900688,8.05182987,8.149380985,8.535466597,0,0,0,0,0,0,0,0,0,0,0,0,0,0,0,0,0,0,0,0,0,0,0,0,0,0,0,0,0,0,0,0,0,0,0,0,0,0,0
14.73868923,13.93843095,12.9958857,12.12115581,11.30619771,10.53749326,9.813809842,9.135536194,8.502462038,7.914182117,7.370287798,6.870367444,6.413999883,6.000761848,5.630237613,5.302027282,5.015754248,4.771072196,4.567671522,4.405285058,4.283692976,4.202726802,4.162272488,4.162272488,4.202726802,4.283692976,4.405285058,4.567671522,4.771072196,5.015754248,5.302027282,5.630237613,6.000761848,6.413999883,6.870367444,7.370287798,7.914182117,8.502462038,9.135536194,9.813809842,10.53749326,11.30619771,12.12115581,12.9958857,13.93843095,14.73868923,0,0,0,0,0,0,0,0,0,0,0,0,0,0,0,0,0,0,0,0,0,0,0,0,0
18.48035894,17.49880441,16.49406334,15.49389932,14.49786401,13.50943752,12.5342736,11.58077401,10.66048802,9.788135604,8.981129616,8.258597134,7.640185231,7.145812475,6.800801545,6.662839172,6.888000713,0,0,0,0,0,0,0,0,0,0,0,0,0,0,0,0,0,0,0,0,0,0,0,0,0,0,0,0,0,0,0,0,0,0,0,0,0,0,0,0,0,0,0,0,0,0,0,0,0,0,0,0,0,0
9.341483282,8.891330625,8.680848025,8.641302181,8.715150289,8.884844601,9.144329914,9.489995295,9.918122968,10.4242351,11.00303881,11.64856007,12.35434091,13.11365729,13.91973671,14.76596107,15.64604297,16.55416731,17.48509325,18.43421517,19.39758495,20.37190027,21.35446574,22.3431345,23.33623808,24.33251147,25.33101936,26.33108773,27.33224373,28.33416506,29.33663919,30.33953188,31.34276386,32.34629425,33.35010995,34.35422006,35.35865146,36.36346109,37.36875647,38.37439385,39.38192631,40.40514758,41.33801663,0,0,0,0,0,0,0,0,0,0,0,0,0,0,0,0,0,0,0,0,0,0,0,0,0,0,0,0
45.57339194,44.65220456,43.62484083,42.61598586,41.6098684,40.60402149,39.59872587,38.59385606,37.58932857,36.58510189,35.5811452,34.57744081,33.5739838,32.57078304,31.56786554,30.56528341,29.563124,28.56152457,27.56069206,26.56092905,25.56266641,24.56650323,23.57325372,22.58400016,21.60015005,20.62349475,19.6562656,18.70118293,17.76149279,16.84098581,15.94399326,15.0753562,14.24036511,13.44466936,12.69415824,11.99481754,11.352568,10.77309379,10.26167072,9.823005759,9.461105663,9.179216454,8.97996454,8.866114729,8.843243372,8.929109443,9.181519488,9.652520049,0,0,0,0,0,0,0,0,0,0,0,0,0,0,0,0,0,0,0,0,0,0,0
9.140762799,8.705294611,8.52246969,8.513451467,8.62091369,8.827336729,9.126249227,9.513369346,9.984150883,10.53321287,11.15435101,11.84072771,12.58511733,13.38016286,14.21862054,15.09357611,15.99862071,16.92797926,17.87658883,18.84012903,19.81501047,20.79832939,21.78779857,22.78166408,23.77861697,24.77770703,25.77826397,26.77982906,27.78209887,28.78488098,29.78806068,30.79157729,31.79540898,32.79956275,33.80407677,34.80904005,35.81436927,36.82120757,37.84199793,38.78156974,0,0,0,0,0,0,0,0,0,0,0,0,0,0,0,0,0,0,0,0,0,0,0,0,0,0,0,0,0,0,0
45.57339194,44.65220456,43.62484083,42.61598586,41.6098684,40.60402149,39.59872587,38.59385606,37.58932857,36.58510189,35.5811452,34.57744081,33.5739838,32.57078304,31.56786554,30.56528341,29.563124,28.56152457,27.56069206,26.56092905,25.56266641,24.56650323,23.57325372,22.58400016,21.60015005,20.62349475,19.6562656,18.70118293,17.76149279,16.84098581,15.94399326,15.0753562,14.24036511,13.44466936,12.69415824,11.99481754,11.352568,10.77309379,10.26167072,9.823005759,9.461105663,9.179216454,8.97996454,8.866114729,8.843243372,8.929109443,9.181519488,9.652520049,0,0,0,0,0,0,0,0,0,0,0,0,0,0,0,0,0,0,0,0,0,0,0
15.48693814,14.70488059,13.75403037,12.86428461,12.03463542,11.24866711,10.5039012,9.800854015,9.139446556,8.519261826,7.939852507,7.400772874,6.901563799,6.441754296,6.020870445,5.638443843,5.294018908,4.987159746,4.717456732,4.4845327,4.288048604,4.12770858,4.003264345,3.914518877,3.861329331,3.843609147,3.861329331,3.914518877,4.003264345,4.12770858,4.288048604,4.4845327,4.717456732,4.987159746,5.294018908,5.638443843,6.020870445,6.441754296,6.901563799,7.400772874,7.939852507,8.519261826,9.139446556,9.800854015,10.5039012,11.24866711,12.03463542,12.86428461,13.75403037,14.70488059,15.48693814,0,0,0,0,0,0,0,0,0,0,0,0,0,0,0,0,0,0,0,0
63.95753183,63.09326736,62.04879154,61.03084011,60.02305552,59.01501437,58.00750598,57.0007968,55.9945969,54.98879926,53.98336713,52.97824925,51.97340245,50.96879951,49.96441884,48.96024072,47.95624923,46.95243277,45.94878258,44.94529175,43.94195553,42.93877202,41.9357426,40.93287237,39.93017112,38.92765502,37.92534901,36.92329001,35.9215311,34.92014693,33.91924081,32.91895362,31.91947486,30.92105596,29.92402603,28.92881001,27.93594921,26.9461239,25.96017745,24.97914122,24.00425939,23.03701233,22.07913733,21.1326451,20.19983047,19.28327591,18.3858464,17.51067472,16.66113626,15.84081332,15.0534491,14.30289215,13.59303285,12.92773365,12.31075555,11.74568335,11.23585249,10.78428029,10.39360431,10.06603034,9.803293046,9.606634467,9.476815991,9.414212652,9.419133077,9.492768809,9.640262311,9.881811212,10.27377595,10.79945995,0
12.83948396,11.99996267,11.09299793,10.26750874,9.507304992,8.806394215,8.16491908,7.582872735,7.060008357,6.596068265,6.190800956,5.843961572,5.5553209,5.324674268,5.151848793,5.036709351,4.979163212,4.979163212,5.036709351,5.151848793,5.324674268,5.5553209,5.843961572,6.190800956,6.596068265,7.060008357,7.582872735,8.16491908,8.806394215,9.507304992,10.26750874,11.09299793,11.99996267,12.83948396,0,0,0,0,0,0,0,0,0,0,0,0,0,0,0,0,0,0,0,0,0,0,0,0,0,0,0,0,0,0,0,0,0,0,0,0,0
15.77935339,15.00463692,14.0512865,13.15609246,12.32132334,11.52955171,10.7776956,10.06629112,9.395328193,8.764396466,8.173037114,7.620794811,7.107201009,6.631772283,6.194018491,5.793451221,5.429591018,5.101974075,4.810158709,4.55373155,4.332313301,4.145563988,3.993187652,3.874936413,3.790613869,3.740077786,3.723242039,3.740077786,3.790613869,3.874936413,3.993187652,4.145563988,4.332313301,4.55373155,4.810158709,5.101974075,5.429591018,5.793451221,6.194018491,6.631772283,7.107201009,7.620794811,8.173037114,8.764396466,9.395328193,10.06629112,10.7776956,11.52955171,12.32132334,13.15609246,14.0512865,15.00463692,15.77935339,0,0,0,0,0,0,0,0,0,0,0,0,0,0,0,0,0,0
10.46317021,9.949814892,9.595773408,9.396956304,9.295983798,9.273626518,9.324799651,9.448048872,9.64262079,9.907544859,10.24134711,10.64198618,11.10686917,11.63290124,12.21655395,12.85394645,13.54093493,14.27320663,15.0463741,15.85606605,16.69801116,17.56811193,18.46250635,19.377616,20.31017988,21.25727433,22.21631992,23.18507674,24.16163011,25.14436878,26.13195781,27.12330824,28.11754545,29.11397774,30.11206657,31.11139905,32.11166357,33.11262863,34.11412498,35.11603102,36.11826096,37.12075567,38.12347544,39.12639472,40.12949825,41.13277848,42.13623373,43.13986677,44.14368404,45.14769595,46.15191754,47.15636771,48.16106926,49.16605461,50.17136936,51.1770574,52.18318722,53.18997202,54.1973932,55.20469519,56.2191038,57.25860657,58.14170796,0,0,0,0,0,0,0,0
13.3282068,12.4974468,11.57903928,10.73873574,9.961093771,9.238337023,8.570458747,7.957529579,7.399278059,6.895398505,6.445590795,6.049556142,5.70700462,5.417664969,5.181292883,4.997678115,4.866650541,4.788085055,4.761905143,4.788085055,4.866650541,4.997678115,5.181292883,5.417664969,5.70700462,6.049556142,6.445590795,6.895398505,7.399278059,7.957529579,8.570458747,9.238337023,9.961093771,10.73873574,11.57903928,12.4974468,13.3282068,0,0,0,0,0,0,0,0,0,0,0,0,0,0,0,0,0,0,0,0,0,0,0,0,0,0,0,0,0,0,0,0,0,0
8.927141958,8.50827776,8.355285616,8.379185674,8.522893004,8.768820869,9.109950034,9.541167141,10.05693414,10.65082017,11.31559388,12.0434803,12.82646068,13.65656908,14.52615984,15.42812827,16.35607388,17.30440156,18.26836283,19.24404399,20.2283123,21.21873255,22.21346688,23.21116933,24.21088416,25.21195434,26.21394399,27.21657589,28.21968385,29.22317868,30.22702497,31.23123074,32.23585837,33.24086533,34.24707243,35.26550001,36.21152511,0,0,0,0,0,0,0,0,0,0,0,0,0,0,0,0,0,0,0,0,0,0,0,0,0,0,0,0,0,0,0,0,0,0
10.23654212,9.382772319,8.582322087,7.896990294,7.317578253,6.843496632,6.474816297,6.211506534,6.053535161,6.000880598,6.053535161,6.211506534,6.474816297,6.843496632,7.317578253,7.896990294,8.582322087,9.382772319,10.23654212,0,0,0,0,0,0,0,0,0,0,0,0,0,0,0,0,0,0,0,0,0,0,0,0,0,0,0,0,0,0,0,0,0,0,0,0,0,0,0,0,0,0,0,0,0,0,0,0,0,0,0,0
16.49367342,15.7372314,14.77940691,13.87171512,13.02550546,12.22130783,11.45431455,10.72499931,10.03355141,9.379608418,8.762693546,8.182334451,7.638049859,7.129339007,6.655686307,6.216569487,5.811466653,5.439862499,5.101254282,4.795157702,4.521112559,4.278688108,4.067488041,3.887155047,3.737374909,3.617880108,3.528452872,3.468927667,3.439193078,3.439193078,3.468927667,3.528452872,3.617880108,3.737374909,3.887155047,4.067488041,4.278688108,4.521112559,4.795157702,5.101254282,5.439862499,5.811466653,6.216569487,6.655686307,7.129339007,7.638049859,8.182334451,8.762693546,9.379608418,10.03355141,10.72499931,11.45431455,12.22130783,13.02550546,13.87171512,14.77940691,15.7372314,16.49367342,0,0,0,0,0,0,0,0,0,0,0,0,0
13.16634354,12.33255204,11.41773578,10.58212592,9.809933109,9.093992146,8.434358084,7.831072812,7.283871073,6.792462604,6.356562812,5.975890082,5.650173993,5.37916489,5.162641869,5.000419556,4.89235377,4.838345905,4.838345905,4.89235377,5.000419556,5.162641869,5.37916489,5.650173993,5.975890082,6.356562812,6.792462604,7.283871073,7.831072812,8.434358084,9.093992146,9.809933109,10.58212592,11.41773578,12.33255204,13.16634354,0,0,0,0,0,0,0,0,0,0,0,0,0,0,0,0,0,0,0,0,0,0,0,0,0,0,0,0,0,0,0,0,0,0,0
10.26089507,9.756429699,9.426501757,9.254634351,9.183116246,9.193205231,9.279782182,9.441166529,9.676253724,9.983624059,10.36128343,10.80662278,11.31645571,11.88708974,12.51441636,13.19401281,13.92125023,14.69140303,15.49975469,16.34169557,17.21280888,18.10894213,19.02626228,19.96129379,20.91093999,21.872489,22.84360617,23.82231534,24.80697181,25.79622954,26.7890053,27.78444185,28.78187212,29.78078574,30.78079878,31.78162739,32.7830654,33.78496588,34.78722623,35.78977653,36.79257062,37.79557957,38.79878695,39.80218548,40.80577461,41.80955941,42.81355035,43.81776301,44.82221745,45.82694112,46.83197402,47.83736078,48.84315909,49.84953883,50.85656349,51.86358107,52.87624746,53.91265175,54.80627114,0,0,0,0,0,0,0,0,0,0,0,0
60.63722806,59.76214231,58.72042909,57.70457971,56.69707128,55.68937125,54.68227841,53.67590065,52.66999073,51.66446738,50.65928905,49.65440681,48.64978401,47.64539613,46.6412227,45.63724635,44.63345405,43.62983666,42.62638788,41.62310427,40.61998606,39.61703811,38.61427113,37.61170346,36.60936386,35.60729552,34.60556126,33.60425042,32.60348764,31.60344398,30.60435064,29.60651546,28.61034241,27.6163538,26.6252152,25.63776237,24.65502953,23.67827787,22.70902287,21.74905894,20.80047945,19.86569037,18.94741567,18.04869279,17.17285683,16.32351259,15.50449413,14.71981218,13.97359039,13.26999228,12.61314109,12.00703551,11.45546447,10.96192444,10.52954261,10.16100929,9.858523277,9.623755636,9.457847166,9.361486794,9.335214168,9.380353107,9.501996367,9.719772577,10.09069487,10.60979732,0,0,0,0,0
10.04958036,9.55560202,9.251811633,9.10902525,9.069368779,9.114525382,9.239280803,9.441652734,9.720092388,10.0726299,10.49664941,10.98887794,11.54545046,12.16200808,12.83381397,13.55587877,14.32308856,15.13032937,15.97260228,16.84512456,17.7434131,18.66334805,19.60121566,20.55373098,21.51804207,22.49171824,23.47272549,24.45939263,25.45037143,26.4445939,27.44122937,28.43964362,29.43936126,30.44003268,31.44140577,32.4433024,33.44559958,34.44821468,35.45109429,36.45420592,37.45753209,38.46106619,39.46481024,40.46877358,41.47297175,42.47742722,43.4821736,44.48725331,45.49271757,46.49869865,47.50530564,48.51201937,49.523141,50.55631642,51.46021791,0,0,0,0,0,0,0,0,0,0,0,0,0,0,0,0
22.15043693,21.17475917,20.16720646,19.16427023,18.16263608,17.16315278,16.16743839,15.17814808,14.19935791,13.2369383,12.29885226,11.39528985,10.53855941,9.742687668,9.022736671,8.393942338,7.871023808,7.468886058,7.209172463,7.148489427,7.429688188,0,0,0,0,0,0,0,0,0,0,0,0,0,0,0,0,0,0,0,0,0,0,0,0,0,0,0,0,0,0,0,0,0,0,0,0,0,0,0,0,0,0,0,0,0,0,0,0,0,0
16.91113255,16.1655062,15.20607991,14.2915562,13.43919351,12.62867596,11.85404538,11.11564735,10.41379912,9.748188955,9.11833772,8.523766407,7.963991518,7.438509521,6.946798324,6.488324823,6.06255192,5.668944479,5.306974935,4.976128848,4.675910351,4.405847382,4.165496626,3.954448145,3.772329633,3.618810273,3.493604159,3.396473243,3.327229789,3.285738307,3.271916939,3.285738307,3.327229789,3.396473243,3.493604159,3.618810273,3.772329633,3.954448145,4.165496626,4.405847382,4.675910351,4.976128848,5.306974935,5.668944479,6.06255192,6.488324823,6.946798324,7.438509521,7.963991518,8.523766407,9.11833772,9.748188955,10.41379912,11.11564735,11.85404538,12.62867596,13.43919351,14.2915562,15.20607991,16.1655062,16.91113255,0,0,0,0,0,0,0,0,0,0
41.33801663,40.40514758,39.38192631,38.37439385,37.36875647,36.36346109,35.35865146,34.35422006,33.35010995,32.34629425,31.34276386,30.33953188,29.33663919,28.33416506,27.33224373,26.33108773,25.33101936,24.33251147,23.33623808,22.3431345,21.35446574,20.37190027,19.39758495,18.43421517,17.48509325,16.55416731,15.64604297,14.76596107,13.91973671,13.11365729,12.35434091,11.64856007,11.00303881,10.4242351,9.918122968,9.489995295,9.144329914,8.884844601,8.715150289,8.641302181,8.680848025,8.891330625,9.341483282,0,0,0,0,0,0,0,0,0,0,0,0,0,0,0,0,0,0,0,0,0,0,0,0,0,0,0,0
7.665451725,7.360678728,7.387628354,7.610105025,7.971687663,8.451891848,9.03760695,9.716061077,10.47376238,11.29696276,12.17240236,13.0879765,14.03320697,14.99948294,15.98008464,16.97003463,17.96583808,18.96517518,19.9666008,20.96926988,21.97282606,22.98160471,23.95405902,0,0,0,0,0,0,0,0,0,0,0,0,0,0,0,0,0,0,0,0,0,0,0,0,0,0,0,0,0,0,0,0,0,0,0,0,0,0,0,0,0,0,0,0,0,0,0,0
52.2978195,51.39646387,50.36247169,49.3509818,48.34418987,47.3374769,46.33139671,45.32584863,44.32069164,43.31587313,42.31134986,41.30708655,40.30305941,39.29925147,38.2956514,37.29225443,36.28906322,35.28608945,34.28335692,33.28090637,32.27880205,31.27714084,30.27606439,29.27577489,28.276555,27.27879215,26.28300758,25.28988975,24.30033177,23.31547154,22.33673315,21.36586726,20.40498786,19.4566023,18.52363141,17.60941653,16.71771055,15.85265084,15.01871266,14.22064305,13.46337613,12.75193237,12.09130549,11.48634164,10.94161639,10.46131557,10.04912616,9.708145404,9.440823214,9.248981306,9.134047469,9.097920373,9.14578407,9.296055312,9.606582446,10.10334519,0,0,0,0,0,0,0,0,0,0,0,0,0,0,0
8.617904752,8.224688781,8.115409268,8.187539089,8.384319863,8.687878545,9.090186537,9.584697293,10.16423614,10.82070792,11.5453254,12.32897385,13.16259068,14.03750977,14.9457424,15.8801784,16.83470221,17.80422794,18.78466523,19.77283294,20.76633938,21.76344734,22.76293901,23.76399222,24.76607462,25.76885909,26.77216012,27.77589064,28.78004574,29.78459698,30.79004209,31.80546076,32.75967768,0,0,0,0,0,0,0,0,0,0,0,0,0,0,0,0,0,0,0,0,0,0,0,0,0,0,0,0,0,0,0,0,0,0,0,0,0,0
17.58913552,16.86113948,15.9005918,14.97564136,14.11386066,13.29421381,12.50871422,11.75732497,11.04056651,10.358246,9.709897108,9.095034336,8.513175761,7.963822162,7.446451805,6.960525971,6.505495816,6.08080807,5.685910077,5.320254722,4.983305377,4.674540748,4.393459574,4.139585105,3.912469345,3.711697021,3.536889258,3.387706917,3.26385358,3.165078154,3.091177076,3.041996093,3.017431612,3.017431612,3.041996093,3.091177076,3.165078154,3.26385358,3.387706917,3.536889258,3.711697021,3.912469345,4.139585105,4.393459574,4.674540748,4.983305377,5.320254722,5.685910077,6.08080807,6.505495816,6.960525971,7.446451805,7.963822162,8.513175761,9.095034336,9.709897108,10.358246,11.04056651,11.75732497,12.50871422,13.29421381,14.11386066,14.97564136,15.9005918,16.86113948,17.58913552,0,0,0,0,0
10.3122514,9.805422646,9.469285159,9.290490603,9.21139425,9.213137449,9.290614891,9.442208896,9.666910619,9.963421339,10.32988584,10.76384549,11.26226995,11.82162253,12.43794448,13.1069513,13.82413605,14.58487493,15.38453026,16.21854684,17.08253775,17.97235684,18.88415599,19.81442609,20.76002205,21.7181725,22.6864761,23.66288651,24.64568858,25.63346821,26.62507864,27.619605,28.61632942,29.61469778,30.61428942,31.61479027,32.61596983,33.61766192,34.61974901,35.62214972,36.62480922,37.62769187,38.63077603,39.63405029,40.63751075,41.64115921,42.6450024,43.64905217,44.65332512,45.65784207,46.6626317,47.66773546,48.6731981,49.67907948,50.68555986,51.69268593,52.6997761,53.71285917,54.75005218,55.64106237,0,0,0,0,0,0,0,0,0,0,0
9.275879753,8.83042456,8.628936152,8.599319346,8.684099737,8.865748262,9.138083583,9.497286807,9.939380327,10.45960032,11.05236245,11.71141343,12.43004343,13.20131666,14.01829818,14.87426188,15.76286779,16.67830046,17.6153644,18.56953611,19.53697599,20.51450607,21.49956132,22.49012288,23.48464156,24.48195857,25.48122953,26.48185546,27.48342344,28.48565766,29.48838088,30.49148532,31.49491161,32.49863469,33.50265574,34.50699652,35.51170831,36.51689314,37.52242939,38.52972287,39.55212762,40.48725768,0,0,0,0,0,0,0,0,0,0,0,0,0,0,0,0,0,0,0,0,0,0,0,0,0,0,0,0,0
10.5613667,10.04409828,9.678693977,9.467124877,9.352244091,9.314558968,9.348982355,9.454150216,9.629455873,9.874121285,10.18689957,10.56600112,11.00910039,11.51337626,12.07557105,12.69206244,13.35894443,14.07211368,14.82735778,15.62044181,16.44718985,17.30355849,18.18570012,19.09001429,20.01318616,20.95221206,21.90441245,22.86743354,23.83923902,24.81809373,25.80254125,26.7913773,27.78362091,28.77848481,29.7753466,30.77372146,31.77323736,32.77361308,33.77463921,34.77616221,35.77807129,36.78028796,37.78275778,38.78544396,39.78832258,40.79137905,41.79460574,42.79800049,43.80156537,44.80530571,45.8092299,46.81335015,47.81768313,48.82224884,49.82707126,50.83218554,51.83763962,52.84347598,53.8497711,54.85676088,55.86436996,56.87180987,57.88716608,58.92815464,59.80592297,0,0,0,0,0,0
31.0210839,30.06295619,29.04896946,28.04388041,27.03957579,26.03568898,25.03226893,24.02938762,23.02723687,22.0261696,21.02677304,20.02996802,19.03713352,18.05025211,17.07206667,16.1062336,15.15745255,14.23154975,13.33549201,12.47731246,11.66593669,10.91090901,10.22203184,9.608946249,9.08070596,8.64546624,8.310666931,8.085000618,7.986596308,8.072063788,8.45069891,0,0,0,0,0,0,0,0,0,0,0,0,0,0,0,0,0,0,0,0,0,0,0,0,0,0,0,0,0,0,0,0,0,0,0,0,0,0,0,0
